0.1 kgf,0,kgf,,,,,,,,,,,,,,,,,,,,,,,,,,,,,,,,
0.1 kgf,0.02,kgf,0.05,5,,,1,,,,,,,,,,,,,5,,1,1,,,,,,,,,,,
0.1 kgf,0.04,kgf,0.05,4,,,3,,,,,,,,,,,,,4,,1,3,,,,,,,,,,,
0.1 kgf,0.06,kgf,0.05,4,,,5,,,,,,,,,,,,,4,,1,5,,,,,,,,,,,
0.1 kgf,0.08,kgf,0.05,3,,,7,,,,,,,,,,,,,3,,1,7,,,,,,,,,,,
0.1 kgf,0.1,kgf,0.05,3,,,9,,,,,,,,,,,,,3,,1,9,,,,,,,,,,,
0.15 kgf,0,kgf,,,,,,,,,,,,,,,,,,,,,,,,,,,,,,,,
0.15 kgf,0.03,kgf,0.05,4,,,,1,,,,,,,,,,,,4,,1,,1,,,,,,,,,,
0.15 kgf,0.06,kgf,0.05,4,,,1,2,,,,,,,,,,,,4,,1,1,2,,,,,,,,,,
0.15 kgf,0.09,kgf,0.05,3,,,2,3,,,,,,,,,,,,3,,1,2,3,,,,,,,,,,
0.15 kgf,0.12,kgf,0.05,3,,,3,4,,,,,,,,,,,,3,,1,3,4,,,,,,,,,,
0.15 kgf,0.15,kgf,0.05,2,,,4,5,,,,,,,,,,,,2,,1,4,5,,,,,,,,,,
0.2 kgf,0,kgf,,,,,,,,,,,,,,,,,,,,,,,,,,,,,,,,
0.2 kgf,0.04,kgf,0.05,4,,,1,1,,,,,,,,,,,,4,,1,1,1,,,,,,,,,,
0.2 kgf,0.08,kgf,0.05,3,,,1,3,,,,,,,,,,,,3,,1,1,3,,,,,,,,,,
0.2 kgf,0.12,kgf,0.05,3,,,1,5,,,,,,,,,,,,3,,1,1,5,,,,,,,,,,
0.2 kgf,0.16,kgf,0.05,2,,,1,7,,,,,,,,,,,,2,,1,1,7,,,,,,,,,,
0.2 kgf,0.2,kgf,0.05,1,,,1,9,,,,,,,,,,,,1,,1,1,9,,,,,,,,,,
0.25 kgf,0,kgf,,,,,,,,,,,,,,,,,,,,,,,,,,,,,,,,
0.25 kgf,0.05,kgf,0.05,4,,,,2,,,,,,,,,,,,4,,1,,2,,,,,,,,,,
0.25 kgf,0.1,kgf,0.05,3,,,1,4,,,,,,,,,,,,3,,3,,4,,,,,,,,,,
0.25 kgf,0.15,kgf,0.05,2,,,2,6,,,,,,,,,,,,2,,5,,6,,,,,,,,,,
0.25 kgf,0.2,kgf,0.05,1,,,3,8,,,,,,,,,,,,1,,7,,8,,,,,,,,,,
0.25 kgf,0.25,kgf,0.05,,,,4,10,,,,,,,,,,,,,,9,,10,,,,,,,,,,
0.3 kgf,0,kgf,,,,,,,,,,,,,,,,,,,,,,,,,,,,,,,,
0.3 kgf,0.06,kgf,0.05,5,2,1,,,1,,,,,,,,,,,5,2,,1,,1,,,,,,,,,
0.3 kgf,0.12,kgf,0.05,4,2,1,,1,2,,,,,,,,,,,4,2,,1,1,2,,,,,,,,,
0.3 kgf,0.18,kgf,0.05,3,2,1,,2,3,,,,,,,,,,,3,2,,1,2,3,,,,,,,,,
0.3 kgf,0.24,kgf,0.05,1,2,1,,3,4,,,,,,,,,,,1,2,,1,3,4,,,,,,,,,
0.3 kgf,0.3,kgf,0.05,,2,1,,4,5,,,,,,,,,,,,2,,1,4,5,,,,,,,,,
0.5 kgf,0,kgf,,,,,,,,,,,,,,,,,,,,,,,,,,,,,,,,
0.5 kgf,0.1,kgf,0.05,,4,1,,,2,,,,,,,,,,,,4,,1,,2,,,,,,,,,
0.5 kgf,0.2,kgf,0.05,,3,1,2,,4,,,,,,,,,,,,3,,3,,4,,,,,,,,,
0.5 kgf,0.3,kgf,0.05,,2,1,4,,6,,,,,,,,,,,,2,,5,,6,,,,,,,,,
0.5 kgf,0.4,kgf,0.05,,1,1,6,,8,,,,,,,,,,,,1,,7,,8,,,,,,,,,
0.5 kgf,0.5,kgf,0.05,,,1,8,,10,,,,,,,,,,,,,,9,,10,,,,,,,,,
1 kgf,0,kgf,,,,,,,,,,,,,,,,,,,,,,,,,,,,,,,,
1 kgf,0.2,kgf,0.05,,8,3,,3,,1,,,,,,,,,,,8,,,4,,1,,,,,,,,
1 kgf,0.4,kgf,0.05,,6,3,,3,,3,,,,,,,,,,,6,,,4,,3,,,,,,,,
1 kgf,0.6,kgf,0.05,,4,3,,3,,5,,,,,,,,,,,4,,,4,,5,,,,,,,,
1 kgf,0.8,kgf,0.05,1,2,3,,3,,7,,,,,,,,,,1,2,,,4,,7,,,,,,,,
1 kgf,1,kgf,0.05,1,,3,,3,,9,,,,,,,,,,1,,,,4,,9,,,,,,,,
2 kgf,0,kgf,,,,,,,,,,,,,,,,,,,,,,,,,,,,,,,,
2 kgf,0.4,kgf,2,,,,3,,4,,,,,,,,,,2,,,,3,,4,,,,,,,,,
2 kgf,0.8,kgf,2,,,,2,,4,,2,,,,,,,,2,,,,2,,4,,2,,,,,,,
2 kgf,1.2,kgf,2,,,,2,,4,,4,,,,,,,,2,,,,2,,4,,4,,,,,,,
2 kgf,1.6,kgf,2,,,,1,,4,,6,,,,,,,,2,,,,1,,4,,6,,,,,,,
2 kgf,2,kgf,2,,,,,,4,,8,,,,,,,,2,,,,,,4,,8,,,,,,,
3 kgf,0,kgf,,,,,,,,,,,,,,,,,,,,,,,,,,,,,,,,
3 kgf,0.6,kgf,2,,,,5,,1,3,,,,,,,,,2,,,,5,,1,3,,,,,,,,
3 kgf,1.2,kgf,2,,,,4,,1,3,1,1,,,,,,,2,,,,4,,1,3,1,1,,,,,,
3 kgf,1.8,kgf,2,,,,3,,1,3,2,2,,,,,,,2,,,,3,,1,3,2,2,,,,,,
3 kgf,2.4,kgf,2,,,,1,,1,3,3,3,,,,,,,2,,,,1,,1,3,3,3,,,,,,
3 kgf,3,kgf,2,,,,,,1,3,4,4,,,,,,,2,,,,,,1,3,4,4,,,,,,
5 kgf,0,kgf,,,,,,,,,,,,,,,,,,,,,,,,,,,,,,,,
5 kgf,1,kgf,4,,,,,4,,1,,1,,,,,,,2,,,,,4,,1,3,,,,,,,
5 kgf,2,kgf,4,,,,,3,,1,,1,,1,,,,,2,,,,,3,,1,3,,,1,,,,
5 kgf,3,kgf,4,,,,,2,,1,,1,,2,,,,,2,,,,,2,,1,3,,,2,,,,
5 kgf,4,kgf,4,,,,,1,,1,,1,,3,,,,,2,,,,,1,,1,3,,,3,,,,
5 kgf,5,kgf,4,,,,,,,1,,1,,4,,,,,2,,,,,,,1,3,,,4,,,,
10 kgf,0,kgf,,,,,,,,,,,,,,,,,,,,,,,,,,,,,,,,
10 kgf,2,kgf,4,,,,,,4,,,1,,1,,,,,10,,,,,,4,,,2,,,,,,
10 kgf,4,kgf,4,,,,,,3,,,1,,3,,,,,10,,,,,,3,,,2,,2,,,,
10 kgf,6,kgf,4,,,,,,2,,,1,,5,,,,,10,,,,,,2,,,2,,4,,,,
10 kgf,8,kgf,4,,,,1,,1,,,1,,7,,,,,10,,,,1,,1,,,2,,6,,,,
10 kgf,10,kgf,4,,,,1,,,,,1,,9,,,,,10,,,,1,,,,,2,,8,,,,
12 kgf,0,kgf,,,,,,,,,,,,,,,,,,,,,,,,,,,,,,,,
12 kgf,2.4,kgf,20,,,,1,,1,1,1,,,,,,,,20,,,,1,,1,1,1,,,,,,,
12 kgf,4.8,kgf,20,,,,3,,2,2,2,,,,1,,,,20,,,,3,,2,2,2,,,,1,,,
12 kgf,7.2,kgf,20,,,,4,,3,3,3,,,,2,,,,20,,,,4,,3,3,3,,,,2,,,
12 kgf,9.6,kgf,20,,,,5,,4,4,4,,,,3,,,,20,,,,5,,4,4,4,,,,3,,,
12 kgf,12,kgf,20,,,,7,,5,5,5,,,,4,,,,20,,,,7,,5,5,5,,,,4,,,
15 kgf,0,kgf,,,,,,,,,,,,,,,,,,,,,,,,,,,,,,,,
15 kgf,3,kgf,20,,,,8,8,,1,1,1,,,,,,,20,,,,8,8,,1,1,1,,,,,,
15 kgf,6,kgf,20,,,,6,6,,1,1,1,,1,1,,,,20,,,,6,6,,1,1,1,,1,1,,,
15 kgf,9,kgf,20,,,,5,4,,1,1,1,,2,2,,,,20,,,,5,4,,1,1,1,,2,2,,,
15 kgf,12,kgf,20,,,,3,2,,1,1,1,,3,3,,,,20,,,,3,2,,1,1,1,,3,3,,,
15 kgf,15,kgf,20,,,,1,,,1,1,1,,4,4,,,,20,,,,1,,,1,1,1,,4,4,,,
20 kgf,0,kgf,,,,,,,,,,,,,,,,,,,,,,,,,,,,,,,,
20 kgf,4,kgf,20,,,,,,,3,1,1,,1,,,,,20,,,,,,,3,1,1,,1,,,,
20 kgf,8,kgf,20,,,,,,,2,1,1,,1,2,,,,20,,,,,,,2,1,1,,1,2,,,
20 kgf,12,kgf,20,,,,,,,2,1,1,,1,4,,,,20,,,,,,,2,1,1,,1,4,,,
20 kgf,16,kgf,20,,,,,,,1,1,1,,1,6,,,,20,,,,,,,1,1,1,,1,6,,,
20 kgf,20,kgf,20,,,,,,,,1,1,,1,8,,,,20,,,,,,,,1,1,,1,8,,,
30 kgf,0,kgf,,,,,,,,,,,,,,,,,,,,,,,,,,,,,,,,
30 kgf,6,kgf,50,,,,,,,9,,,,,,,,,50,,,,,,,9,,,,,,,,
30 kgf,12,kgf,50,,,,,,,8,,,,6,,,,,50,,,,,,,8,,,,6,,,,
30 kgf,18,kgf,50,,,,,,,7,,,,6,3,,,,50,,,,,,,7,,,,6,3,,,
30 kgf,24,kgf,50,,,,,,,5,,,,6,6,,,,50,,,,,,,5,,,,6,6,,,
30 kgf,30,kgf,50,,,,,,,4,,,,6,9,,,,50,,,,,,,4,,,,6,9,,,
50 kgf,0,kgf,,,,,,,,,,,,,,,,,,,,,,,,,,,,,,,,
50 kgf,10,kgf,50,,,,,,,,4,,,,2,,,,50,,,,,,,,4,,,,2,,,
50 kgf,20,kgf,50,,,,,,,,3,,,,2,,1,,50,,,,,,,,3,,,,2,,1,
50 kgf,30,kgf,50,,,,,,,,2,,,,2,,2,,50,,,,,,,,2,,,,2,,2,
50 kgf,40,kgf,50,,,,,,,,1,,,,2,,3,,50,,,,,,,,1,,,,2,,3,
50 kgf,50,kgf,50,,,,,,,,,,,,2,,4,,50,,,,,,,,,,,,2,,4,
100 kgf,0,kgf,,,,,,,,,,,,,,,,,,,,,,,,,,,,,,,,
100 kgf,20,kgf,50,,,,,,,,8,,,1,1,,1,,50,,,,,,,,8,,,1,1,,1,
100 kgf,40,kgf,50,,,,,,,,6,,,1,1,,1,1,50,,,,,,,,6,,,1,1,,1,1
100 kgf,60,kgf,50,,,,,,,,4,,,1,1,,1,2,50,,,,,,,,4,,,1,1,,1,2
100 kgf,80,kgf,50,,,,,,,1,2,,,1,1,,1,3,50,,,,,,,1,2,,,1,1,,1,3
100 kgf,100,kgf,50,,,,,,,1,,,,1,1,,1,4,50,,,,,,,1,,,,1,1,,1,4
5 lbf,0,lbf,,,,,,,,,,,,,,,,,,,,,,,,,,,,,,,,
5 lbf,1,lbf,4,,,1,,,1,,,,,,,,,,2,,,1,,,1,,1,,,,,,,
5 lbf,2,lbf,4,,,2,,,2,,,1,,,,,,,2,,,2,,,2,,1,1,,,,,,
5 lbf,3,lbf,4,,2,2,,,3,,,2,,,,,,,2,,2,2,,,3,,1,2,,,,,,
5 lbf,4,lbf,4,,2,3,,,4,,,3,,,,,,,2,,2,3,,,4,,1,3,,,,,,
5 lbf,5,lbf,4,,2,4,,,5,,,4,,,,,,,2,,2,4,,,5,,1,4,,,,,,
20 lbf,0,lbf,,,,,,,,,,,,,,,,,,,,,,,,,,,,,,,,
20 lbf,4,lbf,4,9,,,1,4,2,,1,,,1,,,,,10,9,,,1,4,2,,3,,,,,,,
20 lbf,8,lbf,4,9,,,1,3,2,,1,2,,2,,,,,10,9,,,1,3,2,,7,,,1,,,,
20 lbf,12,lbf,4,8,,,1,2,2,,1,4,,3,,,,,10,8,,,1,2,2,,6,,,3,,,,
20 lbf,16,lbf,4,7,,,1,1,2,,1,6,,4,,,,,10,7,,,1,1,2,,5,,,5,,,,
20 lbf,20,lbf,4,6,,,1,,2,,1,8,,5,,,,,10,6,,,1,,2,,4,,,7,,,,
25 lbf,0,lbf,,,,,,,,,,,,,,,,,,,,,,,,,,,,,,,,
25 lbf,5,lbf,20,,2,,,1,,,1,,,,,,,,20,,2,,,1,,,1,,,,,,,
25 lbf,10,lbf,20,,4,,,2,,,2,,,,1,,,,20,,4,,,2,,,2,,,,1,,,
25 lbf,15,lbf,20,,6,,,3,,,3,,,,2,,,,20,,6,,,3,,,3,,,,2,,,
25 lbf,20,lbf,20,,8,,,4,,,4,,,,3,,,,20,,8,,,4,,,4,,,,3,,,
25 lbf,25,lbf,20,1,,,,6,,,5,,,,4,,,,20,1,,,,6,,,5,,,,4,,,
100 lbf,0,lbf,,,,,,,,,,,,,,,,,,,,,,,,,,,,,,,,
100 lbf,20,lbf,50,,8,,,,2,2,,9,,,,,,,50,,8,,,,2,2,,9,,,,,,
100 lbf,40,lbf,50,1,6,,,,2,3,,6,,,,,1,,50,1,6,,,,2,3,,6,,,,,1,
100 lbf,60,lbf,50,1,4,,,,2,4,,3,,,5,,1,,50,1,4,,,,2,4,,3,,,5,,1,
100 lbf,80,lbf,50,,3,,,,2,5,,,,,,,3,,50,,3,,,,2,5,,,,,,,3,
100 lbf,100,lbf,50,,1,,,,2,4,,,,1,4,,3,,50,,1,,,,2,4,,,,1,4,,3,
200 lbf,0,lbf,,,,,,,,,,,,,,,,,,,,,,,,,,,,,,,,
200 lbf,40,lbf,20,3,,6,,1,1,1,3,,,1,2,,1,,20,3,,6,,1,1,1,3,,,1,2,,1,
200 lbf,80,lbf,20,1,,5,,1,1,1,2,,,1,1,,1,1,20,1,,5,,1,1,1,2,,,1,1,,1,1
200 lbf,120,lbf,20,4,,3,,1,1,1,1,,,1,,,1,2,20,4,,3,,1,1,1,1,,,1,,,1,2
200 lbf,160,lbf,20,2,,2,,1,1,1,,,,,2,1,,3,20,2,,2,,1,1,1,,,,,2,1,,3
200 lbf,200,lbf,20,4,,,,1,1,1,9,,,,,1,,4,20,4,,,,1,1,1,9,,,,,1,,4
2 N,0,N,,,,,,,,,,,,,,,,,,,,,,,,,,,,,,,,
2 N,0.4,N,0.05,,,1,1,1,,,,,,,,,,,,,,,,,1,,,,,,,,,
2 N,0.8,N,0.05,,,1,1,3,,,,,,,,,,,,,,,,,2,,,,,,,,,
2 N,1.2,N,0.05,,,1,1,5,,,,,,,,,,,,,,,,,3,,,,,,,,,
2 N,1.6,N,0.05,,,1,1,7,,,,,,,,,,,,,,,,,4,,,,,,,,,
2 N,2,N,0.05,,,1,1,9,,,,,,,,,,,,,,,,,5,,,,,,,,,
3 N,0,N,,,,,,,,,,,,,,,,,,,,,,,,,,,,,,,,
3 N,0.6,N,0.05,,,1,5,,,,,,,,,,,,,,,,,1,1,,,,,,,,,
3 N,1.2,N,0.05,,,1,5,1,1,,,,,,,,,,,,,,,2,2,,,,,,,,,
3 N,1.8,N,0.05,,,1,5,2,2,,,,,,,,,,,,,,,3,3,,,,,,,,,
3 N,2.4,N,0.05,,,1,5,3,3,,,,,,,,,,,,,,,4,4,,,,,,,,,
3 N,3,N,0.05,,,1,5,4,4,,,,,,,,,,,,,,,5,5,,,,,,,,,
5 N,0,N,,,,,,,,,,,,,,,,,,,,,,,,,,,,,,,,
5 N,1,N,0.05,,,1,1,,2,,,,,,,,,,,,,,,,,1,,,,,,,,
5 N,2,N,0.05,,,1,1,,2,1,,,,,,,,,,,,,,,,2,,,,,,,,
5 N,3,N,0.05,,,1,1,,2,2,,,,,,,,,,,,,,,,3,,,,,,,,
5 N,4,N,0.05,,,1,1,,2,3,,,,,,,,,,,,,,,,4,,,,,,,,
5 N,5,N,0.05,,,1,1,,2,4,,,,,,,,,,,,,,,,5,,,,,,,,
10 N,0,N,,,,,,,,,,,,,,,,,,,,,,,,,,,,,,,,
10 N,2,N,2,,,,,,,,,,,,,,,,2,,,,,,,,,,,,,,,
10 N,4,N,2,,,,,,,,1,,,,,,,,2,,,,,,,,1,,,,,,,
10 N,6,N,2,,,,,,,,2,,,,,,,,2,,,,,,,,2,,,,,,,
10 N,8,N,2,,,,,,,,3,,,,,,,,2,,,,,,,,3,,,,,,,
10 N,10,N,2,,,,,,,,4,,,,,,,,2,,,,,,,,4,,,,,,,
18 N,0,N,,,,,,,,,,,,,,,,,,,,,,,,,,,,,,,,
18 N,4,N,4,,,,,,,,,,,,,,,,2,,,,,,,,1,,,,,,,
18 N,8,N,4,,,,,,,,,1,,,,,,,2,,,,,,,,1,1,,,,,,
18 N,12,N,4,,,,,,,,,2,,,,,,,2,,,,,,,,1,2,,,,,,
18 N,16,N,4,,,,,,,,,3,,,,,,,2,,,,,,,,1,3,,,,,,
18 N,18,N,4,,,,,,,,1,3,,,,,,,2,,,,,,,,2,3,,,,,,
20 N,0,N,,,,,,,,,,,,,,,,,,,,,,,,,,,,,,,,
20 N,4,N,4,,,,,,,,,,,,,,,,2,,,,,,,,1,,,,,,,
20 N,8,N,4,,,,,,,,,1,,,,,,,2,,,,,,,,1,1,,,,,,
20 N,12,N,4,,,,,,,,,2,,,,,,,2,,,,,,,,1,2,,,,,,
20 N,16,N,4,,,,,,,,,3,,,,,,,2,,,,,,,,1,3,,,,,,
20 N,20,N,4,,,,,,,,,4,,,,,,,2,,,,,,,,1,4,,,,,,
30 N,0,N,,,,,,,,,,,,,,,,,,,,,,,,,,,,,,,,
30 N,6,N,4,,,,,,,,1,,,,,,,,2,,,,,,,,,1,,,,,,
30 N,12,N,4,,,,,,,,2,1,,,,,,,2,,,,,,,,1,2,,,,,,
30 N,18,N,4,,,,,,,,3,2,,,,,,,2,,,,,,,,2,3,,,,,,
30 N,24,N,4,,,,,,,,4,3,,,,,,,2,,,,,,,,3,4,,,,,,
30 N,30,N,4,,,,,,,,5,4,,,,,,,2,,,,,,,,4,5,,,,,,
49 N,0,N,,,,,,,,,,,,,,,,,,,,,,,,,,,,,,,,
49 N,10,N,4,,,,,,,,1,1,,,,,,,10,,,,,,,,,,,,,,,
49 N,20,N,4,,,,,,,,1,1,,1,,,,,10,,,,,,,,,,,1,,,,
49 N,30,N,4,,,,,,,,1,1,,2,,,,,10,,,,,,,,,,,2,,,,
49 N,40,N,4,,,,,,,,1,1,,3,,,,,10,,,,,,,,,,,3,,,,
49 N,49,N,4,,,,,,,1,,1,,4,,,,,10,,,,,,,1,,2,,3,,,,
50 N,0,N,,,,,,,,,,,,,,,,,,,,,,,,,,,,,,,,
50 N,10,N,4,,,,,,,,1,1,,,,,,,10,,,,,,,,,,,,,,,
50 N,20,N,4,,,,,,,,1,1,,1,,,,,10,,,,,,,,,,,1,,,,
50 N,30,N,4,,,,,,,,1,1,,2,,,,,10,,,,,,,,,,,2,,,,
50 N,40,N,4,,,,,,,,1,1,,3,,,,,10,,,,,,,,,,,3,,,,
50 N,50,N,4,,,,,,,,1,1,,4,,,,,10,,,,,,,,,,,4,,,,
100 N,0,N,,,,,,,,,,,,,,,,,,,,,,,,,,,,,,,,
100 N,20,N,20,,,,,,,,,,,,,,,,20,,,,,,,,,,,,,,,
100 N,40,N,20,,,,,,,,,,,,1,,,,20,,,,,,,,,,,,1,,,
100 N,60,N,20,,,,,,,,,,,,2,,,,20,,,,,,,,,,,,2,,,
100 N,80,N,20,,,,,,,,,,,,3,,,,20,,,,,,,,,,,,3,,,
100 N,100,N,20,,,,,,,,,,,,4,,,,20,,,,,,,,,,,,4,,,
196 N,0,N,,,,,,,,,,,,,,,,,,,,,,,,,,,,,,,,
196 N,40,N,20,,,,,,,,,,,,1,,,,20,,,,,,,,,,,,1,,,
196 N,80,N,20,,,,,,,,,,,,3,,,,20,,,,,,,,,,,,3,,,
196 N,120,N,20,,,,,,,,,,,,5,,,,20,,,,,,,,,,,,5,,,
196 N,160,N,20,,,,,,,,,,,,7,,,,20,,,,,,,,,,,,7,,,
196 N,196,N,20,,,,,,,,1,1,,1,8,,,,20,,,,,,,,1,1,,1,8,,,
200 N,0,N,,,,,,,,,,,,,,,,,,,,,,,,,,,,,,,,
200 N,40,N,20,,,,,,,,,,,,1,,,,20,,,,,,,,,,,,1,,,
200 N,80,N,20,,,,,,,,,,,,3,,,,20,,,,,,,,,,,,3,,,
200 N,120,N,20,,,,,,,,,,,,5,,,,20,,,,,,,,,,,,5,,,
200 N,160,N,20,,,,,,,,,,,,7,,,,20,,,,,,,,,,,,7,,,
200 N,200,N,20,,,,,,,,,,,,9,,,,20,,,,,,,,,,,,9,,,
250 N,0,N,,,,,,,,,,,,,,,,,,,,,,,,,,,,,,,,
250 N,50,N,50,,,,,,,,,,,,,,,,50,,,,,,,,,,,,,,,
250 N,100,N,50,,,,,,,,,,,1,2,,,,50,,,,,,,,,,,1,2,,,
250 N,150,N,50,,,,,,,,,,,2,4,,,,50,,,,,,,,,,,2,4,,,
250 N,200,N,50,,,,,,,,,,,3,6,,,,50,,,,,,,,,,,3,6,,,
250 N,250,N,50,,,,,,,,,,,4,8,,,,50,,,,,,,,,,,4,8,,,
300 N,0,N,,,,,,,,,,,,,,,,,,,,,,,,,,,,,,,,
300 N,60,N,50,,,,,,,,,,,1,,,,,50,,,,,,,,,,,1,,,,
300 N,120,N,50,,,,,,,,,,,3,2,,,,50,,,,,,,,,,,3,2,,,
300 N,180,N,50,,,,,,,,,,,5,4,,,,50,,,,,,,,,,,5,4,,,
300 N,240,N,50,,,,,,,,,,,7,6,,,,50,,,,,,,,,,,7,6,,,
300 N,300,N,50,,,,,,,,,,,9,8,,,,50,,,,,,,,,,,9,8,,,
490 N,0,N,,,,,,,,,,,,,,,,,,,,,,,,,,,,,,,,
490 N,100,N,50,,,,,,,,,,,1,2,,,,50,,,,,,,,,,,1,2,,,
490 N,200,N,50,,,,,,,,,,,1,2,,1,,50,,,,,,,,,,,1,2,,1,
490 N,300,N,50,,,,,,,,,,,1,2,,2,,50,,,,,,,,,,,1,2,,2,
490 N,400,N,50,,,,,,,,,,,1,2,,3,,50,,,,,,,,,,,1,2,,3,
490 N,490,N,50,,,,,,,,,,,,2,,4,,50,,,,,,,,,,,,2,,4,
500 N,0,N,,,,,,,,,,,,,,,,,,,,,,,,,,,,,,,,
500 N,100,N,50,,,,,,,,,,,1,2,,,,50,,,,,,,,,,,1,2,,,
500 N,200,N,50,,,,,,,,,,,1,2,,1,,50,,,,,,,,,,,1,2,,1,
500 N,300,N,50,,,,,,,,,,,1,2,,2,,50,,,,,,,,,,,1,2,,2,
500 N,400,N,50,,,,,,,,,,,1,2,,3,,50,,,,,,,,,,,1,2,,3,
500 N,500,N,50,,,,,,,,,,,1,2,,4,,50,,,,,,,,,,,1,2,,4,
1000 N,0,N,,,,,,,,,,,,,,,,,,,,,,,,,,,,,,,,
1000 N,200,N,20,,,,,,,,,,,1,1,1,1,,20,,,,,,,,,,,1,1,1,1,
1000 N,400,N,20,,,,,,,,,,,1,1,1,1,1,20,,,,,,,,,,,1,1,1,1,1
1000 N,600,N,20,,,,,,,,,,,1,1,1,1,2,20,,,,,,,,,,,1,1,1,1,2
1000 N,800,N,20,,,,,,,,,,,1,1,1,1,3,20,,,,,,,,,,,1,1,1,1,3
1000 N,1000,N,20,,,,,,,,,,,1,1,1,1,4,20,,,,,,,,,,,1,1,1,1,4
조합,0,kgf,,,,,,,,,,,,,,,,,,,,,,,,,,,,,,,,
조합,0.02,kgf,0.05,,,1,1,,,,,,,,,,,,,,,,,1,,,,,,,,,,
조합,0.03,kgf,0.05,,2,,,1,,,,,,,,,,,,,2,1,,1,,,,,,,,,,
조합,0.04,kgf,0.05,,2,,1,1,,,,,,,,,,,,,2,1,1,1,,,,,,,,,,
조합,0.05,kgf,0.05,,2,,,,1,,,,,,,,,,,,2,1,,,1,,,,,,,,,
조합,0.06,kgf,0.05,,2,,1,,1,,,,,,,,,,,,2,1,1,,1,,,,,,,,,
조합,0.07,kgf,0.05,,2,,,1,1,,,,,,,,,,,,2,1,,1,1,,,,,,,,,
조합,0.08,kgf,0.05,1,1,,1,1,1,,,,,,,,,,,1,1,1,1,1,1,,,,,,,,,
조합,0.09,kgf,0.05,1,1,,,,2,,,,,,,,,,,1,1,1,,,2,,,,,,,,,
조합,0.1,kgf,0.05,1,1,,1,,2,,,,,,,,,,,1,1,1,1,,2,,,,,,,,,
조합,0.102,kgf,0.05,1,2,,1,,2,,,,,,,,,,,,,,,1,2,,,,,,,,,
조합,0.11,kgf,0.05,1,1,,,,,1,,,,,,,,,,1,1,1,,,,1,,,,,,,,
조합,0.12,kgf,0.05,1,1,,1,,,1,,,,,,,,,,1,1,1,1,,,1,,,,,,,,
조합,0.13,kgf,0.05,,1,,,1,,1,,,,,,,,,,,1,1,,1,,1,,,,,,,,
조합,0.14,kgf,0.05,,1,,1,1,,1,,,,,,,,,,,1,1,1,1,,1,,,,,,,,
조합,0.15,kgf,0.05,,1,,,,1,1,,,,,,,,,,,1,1,,,1,1,,,,,,,,
조합,0.16,kgf,0.05,,1,,1,,1,1,,,,,,,,,,,1,1,1,,1,1,,,,,,,,
조합,0.17,kgf,0.05,,1,,,1,1,1,,,,,,,,,,,1,1,,1,1,1,,,,,,,,
조합,0.18,kgf,0.05,,1,,1,1,1,1,,,,,,,,,,,1,1,1,1,1,1,,,,,,,,
조합,0.19,kgf,0.05,1,,,,,2,1,,,,,,,,,,1,,1,,,2,1,,,,,,,,
조합,0.2,kgf,0.05,1,,,1,,2,1,,,,,,,,,,1,,1,1,,2,1,,,,,,,,
조합,0.204,kgf,0.05,1,2,,1,,2,1,,,,,,,,,,,,,,1,2,1,,,,,,,,
조합,0.21,kgf,2,1,,1,,,,,,,,,,,,,2,1,,1,,,,,,,,,,,,
조합,0.22,kgf,2,1,,1,1,,,,,,,,,,,,2,1,,1,1,,,,,,,,,,,
조합,0.23,kgf,2,1,,1,,1,,,,,,,,,,,2,1,,1,,1,,,,,,,,,,
조합,0.24,kgf,2,,,1,1,1,,,,,,,,,,,2,,,1,1,1,,,,,,,,,,
조합,0.25,kgf,2,,,1,,,1,,,,,,,,,,2,,,1,,,1,,,,,,,,,
조합,0.26,kgf,2,,,1,1,,1,,,,,,,,,,2,,,1,1,,1,,,,,,,,,
조합,0.27,kgf,2,,,1,,1,1,,,,,,,,,,2,,,1,,1,1,,,,,,,,,
조합,0.28,kgf,2,,,1,1,1,1,,,,,,,,,,2,,,1,1,1,1,,,,,,,,,
조합,0.29,kgf,2,,2,,,,2,,,,,,,,,,2,,2,,,,2,,,,,,,,,
조합,0.3,kgf,2,,2,,1,,2,,,,,,,,,,2,,2,,1,,2,,,,,,,,,
조합,0.31,kgf,2,,2,,,,,1,,,,,,,,,2,,2,,,,,1,,,,,,,,
조합,0.32,kgf,2,,2,,1,,,1,,,,,,,,,2,,2,,1,,,1,,,,,,,,
조합,0.33,kgf,2,,2,,,1,,1,,,,,,,,,2,,2,,,1,,1,,,,,,,,
조합,0.34,kgf,2,1,1,,1,1,,1,,,,,,,,,2,1,1,,1,1,,1,,,,,,,,
조합,0.35,kgf,2,1,1,,,2,,1,,,,,,,,,2,1,1,,,,1,1,,,,,,,,
조합,0.36,kgf,2,1,1,,1,2,,1,,,,,,,,,2,1,1,,1,,1,1,,,,,,,,
조합,0.37,kgf,2,1,1,,,1,1,1,,,,,,,,,2,1,1,,,1,1,1,,,,,,,,
조합,0.38,kgf,2,1,1,,1,1,1,1,,,,,,,,,2,1,1,,1,1,1,1,,,,,,,,
조합,0.39,kgf,2,,1,,,,2,1,,,,,,,,,2,,1,,,,2,1,,,,,,,,
조합,0.4,kgf,2,,1,,1,,2,1,,,,,,,,,2,,1,,1,,2,1,,,,,,,,
조합,0.41,kgf,4,,1,,,,,,,,,,,,,,2,,1,,,,,,1,,,,,,,
조합,0.42,kgf,4,,1,,1,,,,,,,,,,,,2,,1,,1,,,,1,,,,,,,
조합,0.43,kgf,4,,1,,,1,,,,,,,,,,,2,,1,,,1,,,1,,,,,,,
조합,0.44,kgf,4,1,,,1,1,,,,,,,,,,,2,1,,,1,1,,,1,,,,,,,
조합,0.45,kgf,4,1,,,,,1,,,,,,,,,,2,1,,,,,1,,1,,,,,,,
조합,0.46,kgf,4,1,,,1,,1,,,,,,,,,,2,1,,,1,,1,,1,,,,,,,
조합,0.47,kgf,4,1,,,,1,1,,,,,,,,,,2,1,,,,1,1,,1,,,,,,,
조합,0.48,kgf,4,1,,,1,1,1,,,,,,,,,,2,1,,,1,1,1,,1,,,,,,,
조합,0.49,kgf,4,1,,,,,2,,,,,,,,,,2,1,,,,,2,,1,,,,,,,
조합,0.5,kgf,4,,,,1,,2,,,,,,,,,,2,,,,1,,2,,1,,,,,,,
조합,0.51,kgf,4,,,,,,,1,,,,,,,,,2,,,,,,,1,1,,,,,,,
조합,0.52,kgf,4,,,,1,,,1,,,,,,,,,2,,,,1,,,1,1,,,,,,,
조합,0.53,kgf,4,,,,,1,,1,,,,,,,,,2,,,,,1,,1,1,,,,,,,
조합,0.54,kgf,4,,,,1,1,,1,,,,,,,,,2,,,,1,1,,1,1,,,,,,,
조합,0.55,kgf,4,,2,1,1,1,,1,,,,,,,,,2,,2,1,1,1,,1,1,,,,,,,
조합,0.56,kgf,4,,2,1,,,1,1,,,,,,,,,2,,2,1,,,1,1,1,,,,,,,
조합,0.57,kgf,4,,2,1,1,,1,1,,,,,,,,,2,,2,1,1,,1,1,1,,,,,,,
조합,0.58,kgf,4,,2,1,,1,1,1,,,,,,,,,2,,2,1,,1,1,1,1,,,,,,,
조합,0.59,kgf,4,,2,1,1,1,1,1,,,,,,,,,2,,2,1,1,1,1,1,1,,,,,,,
조합,0.6,kgf,4,1,1,1,,,2,1,,,,,,,,,2,1,1,1,,,2,1,1,,,,,,,
조합,0.61,kgf,4,1,1,1,1,,2,1,,,,,,,,,2,1,1,1,1,,2,1,1,,,,,,,
조합,0.62,kgf,4,1,1,1,,,,,1,,,,,,,,2,1,1,1,,,,,,1,,,,,,
조합,0.63,kgf,4,1,1,1,1,,,,1,,,,,,,,2,1,1,1,1,,,,,1,,,,,,
조합,0.64,kgf,4,1,1,1,,1,,,1,,,,,,,,2,1,1,1,,1,,,,1,,,,,,
조합,0.65,kgf,4,,1,1,1,1,,,1,,,,,,,,2,,1,1,1,1,,,,1,,,,,,
조합,0.66,kgf,4,,1,1,,,1,,1,,,,,,,,2,,1,1,,,1,,,1,,,,,,
조합,0.67,kgf,4,,1,1,1,,1,,1,,,,,,,,2,,1,1,1,,1,,,1,,,,,,
조합,0.68,kgf,4,,1,1,,1,1,,1,,,,,,,,2,,1,1,,1,1,,,1,,,,,,
조합,0.69,kgf,4,,1,1,1,1,1,,1,,,,,,,,2,,1,1,1,1,1,,,1,,,,,,
조합,0.7,kgf,4,1,,1,,,2,,1,,,,,,,,2,1,,1,,,2,,,1,,,,,,
조합,0.71,kgf,4,1,,1,1,,2,,1,,,,,,,,2,1,,1,1,,2,,,1,,,,,,
조합,0.72,kgf,4,1,,1,,,,1,1,,,,,,,,2,1,,1,,,,1,,1,,,,,,
조합,0.73,kgf,4,1,,1,1,,,1,1,,,,,,,,2,1,,1,1,,,1,,1,,,,,,
조합,0.74,kgf,4,1,,1,,1,,1,1,,,,,,,,2,1,,1,,1,,1,,1,,,,,,
조합,0.75,kgf,4,,,1,1,1,,1,1,,,,,,,,2,,,1,1,1,,1,,1,,,,,,
조합,0.76,kgf,4,,,1,,,1,1,1,,,,,,,,2,,,1,,,1,1,,1,,,,,,
조합,0.77,kgf,4,,,1,1,,1,1,1,,,,,,,,2,,,1,1,,1,1,,1,,,,,,
조합,0.78,kgf,4,,,1,,1,1,1,1,,,,,,,,2,,,1,,1,1,1,,1,,,,,,
조합,0.79,kgf,4,,,1,1,1,1,1,1,,,,,,,,2,,,1,1,1,1,1,,1,,,,,,
조합,0.8,kgf,4,,,1,,,2,1,1,,,,,,,,2,,,1,,,2,1,,1,,,,,,
조합,0.81,kgf,4,,2,,1,,2,1,1,,,,,,,,2,,2,,1,,2,1,,1,,,,,,
조합,0.82,kgf,4,,2,,,,,,,1,,,,,,,2,,2,,,,,,1,1,,,,,,
조합,0.83,kgf,4,,2,,1,,,,,1,,,,,,,2,,2,,1,,,,1,1,,,,,,
조합,0.84,kgf,4,,2,,,1,,,,1,,,,,,,2,,2,,,1,,,1,1,,,,,,
조합,0.85,kgf,4,,2,,1,1,,,,1,,,,,,,2,,2,,1,1,,,1,1,,,,,,
조합,0.86,kgf,4,1,1,,,,1,,,1,,,,,,,2,1,1,,,,1,,1,1,,,,,,
조합,0.87,kgf,4,1,1,,1,,1,,,1,,,,,,,2,1,1,,1,,1,,1,1,,,,,,
조합,0.88,kgf,4,1,1,,,1,1,,,1,,,,,,,2,1,1,,,1,1,,1,1,,,,,,
조합,0.89,kgf,4,1,1,,1,1,1,,,1,,,,,,,2,1,1,,1,1,1,,1,1,,,,,,
조합,0.9,kgf,4,1,1,,,,2,,,1,,,,,,,2,1,1,,,,2,,1,1,,,,,,
조합,0.91,kgf,4,,1,,1,,2,,,1,,,,,,,2,,1,,1,,2,,1,1,,,,,,
조합,0.92,kgf,4,,1,,,,,1,,1,,,,,,,2,,1,,,,,1,1,1,,,,,,
조합,0.93,kgf,4,,1,,1,,,1,,1,,,,,,,2,,1,,1,,,1,1,1,,,,,,
조합,0.94,kgf,4,,1,,,1,,1,,1,,,,,,,2,,1,,,1,,1,1,1,,,,,,
조합,0.95,kgf,4,,1,,1,1,,1,,1,,,,,,,2,,1,,1,1,,1,1,1,,,,,,
조합,0.96,kgf,4,1,,,,,1,1,,1,,,,,,,2,1,,,,,1,1,1,1,,,,,,
조합,0.97,kgf,4,1,,,1,,1,1,,1,,,,,,,2,1,,,1,,1,1,1,1,,,,,,
조합,0.98,kgf,4,1,,,,1,1,1,,1,,,,,,,2,1,,,,1,1,1,1,1,,,,,,
조합,0.99,kgf,4,1,,,1,1,1,1,,1,,,,,,,2,1,,,1,1,1,1,1,1,,,,,,
조합,1,kgf,4,1,,,,,2,1,,1,,,,,,,2,1,,,,,2,1,1,1,,,,,,
조합,1.02,kgf,4,,,,,,,,1,1,,,,,,,2,,,,,,,,,2,,,,,,
조합,1.1,kgf,4,,,,,,2,,1,1,,,,,,,10,,,,,,2,,,,,,,,,
조합,1.2,kgf,4,,,,,,2,1,1,1,,,,,,,10,,,,,,2,1,,,,,,,,
조합,1.3,kgf,4,,,,1,1,1,,,2,,,,,,,10,,,,1,1,1,,1,,,,,,,
조합,1.4,kgf,4,,,,1,1,1,1,,2,,,,,,,10,,,,1,1,1,1,1,,,,,,,
조합,1.5,kgf,4,,,,1,1,1,,1,2,,,,,,,10,,,,1,1,1,,,1,,,,,,
조합,1.6,kgf,4,,,,1,1,1,1,1,2,,,,,,,10,,,,1,1,1,1,,1,,,,,,
조합,1.7,kgf,4,,,,1,1,1,,1,,,1,,,,,10,,,,1,1,1,,1,1,,,,,,
조합,1.8,kgf,4,,,,1,1,1,1,1,,,1,,,,,10,,,,1,1,1,1,1,1,,,,,,
조합,1.9,kgf,4,,,,,1,1,,,1,,1,,,,,10,,,,,1,1,,,2,,,,,,
조합,2,kgf,4,,,,,1,1,1,,1,,1,,,,,10,,,,,1,1,1,,2,,,,,,
조합,2.04,kgf,4,,,,,,,,1,1,,1,,,,,10,,,,,,,,,,,1,,,,
조합,2.1,kgf,20,,,,,1,1,,,,,,,,,,20,,,,,1,1,,,,,,,,,
조합,2.2,kgf,20,,,,,1,1,1,,,,,,,,,20,,,,,1,1,1,,,,,,,,
조합,2.3,kgf,20,,,,,1,1,,1,,,,,,,,20,,,,,1,1,,1,,,,,,,
조합,2.4,kgf,20,,,,1,,1,1,1,,,,,,,,20,,,,1,,1,1,1,,,,,,,
조합,2.5,kgf,20,,,,1,,1,,,1,,,,,,,20,,,,1,,1,,,1,,,,,,
조합,2.6,kgf,20,,,,1,,1,1,,1,,,,,,,20,,,,1,,1,1,,1,,,,,,
조합,2.7,kgf,20,,,,1,,1,,1,1,,,,,,,20,,,,1,,1,,1,1,,,,,,
조합,2.8,kgf,20,,,,1,,1,1,1,1,,,,,,,20,,,,1,,1,1,1,1,,,,,,
조합,2.9,kgf,20,,,,,,1,,,2,,,,,,,20,,,,,,1,,,2,,,,,,
조합,3,kgf,20,,,,,,1,1,,2,,,,,,,20,,,,,,1,1,,2,,,,,,
조합,3.06,kgf,20,,,,,,,,,,,1,,,,,20,,,,,,,,,,,1,,,,
조합,3.1,kgf,20,,,,,,1,,,,,1,,,,,20,,,,,,1,,,,,1,,,,
조합,3.2,kgf,20,,,,,,1,1,,,,1,,,,,20,,,,,,1,1,,,,1,,,,
조합,3.3,kgf,20,,,,,,1,,1,,,1,,,,,20,,,,,,1,,1,,,1,,,,
조합,3.4,kgf,20,,,,1,1,,1,1,,,1,,,,,20,,,,1,1,,1,1,,,1,,,,
조합,3.5,kgf,20,,,,1,1,,,,1,,1,,,,,20,,,,1,1,,,,1,,1,,,,
조합,3.6,kgf,20,,,,1,1,,1,,1,,1,,,,,20,,,,1,1,,1,,1,,1,,,,
조합,3.7,kgf,20,,,,1,1,,,1,1,,1,,,,,20,,,,1,1,,,1,1,,1,,,,
조합,3.8,kgf,20,,,,1,1,,1,1,1,,1,,,,,20,,,,1,1,,1,1,1,,1,,,,
조합,3.9,kgf,20,,,,,1,,,,2,,1,,,,,20,,,,,1,,,,2,,1,,,,
조합,4,kgf,20,,,,,1,,1,,2,,1,,,,,20,,,,,1,,1,,2,,1,,,,
조합,4.08,kgf,20,,,,,,,,,,,,1,,,,20,,,,,,,,,,,,1,,,
조합,4.1,kgf,20,,,,,1,,,,,,,1,,,,20,,,,,1,,,,,,,1,,,
조합,4.2,kgf,20,,,,,1,,1,,,,,1,,,,20,,,,,1,,1,,,,,1,,,
조합,4.3,kgf,20,,,,,1,,,1,,,,1,,,,20,,,,,1,,,1,,,,1,,,
조합,4.4,kgf,20,,,,1,,,1,1,,,,1,,,,20,,,,1,,,1,1,,,,1,,,
조합,4.5,kgf,20,,,,1,,,,,1,,,1,,,,20,,,,1,,,,,1,,,1,,,
조합,4.59,kgf,20,,,,,,,1,,1,,,1,,,,20,,,,,,,1,,1,,,1,,,
조합,4.6,kgf,20,,,,1,,,1,,1,,,1,,,,20,,,,1,,,1,,1,,,1,,,
조합,4.7,kgf,20,,,,1,,,,1,1,,,1,,,,20,,,,1,,,,1,1,,,1,,,
조합,4.8,kgf,20,,,,1,,,1,1,1,,,1,,,,20,,,,1,,,1,1,1,,,1,,,
조합,4.9,kgf,20,,,,1,,,,,2,,,1,,,,20,,,,1,,,,,2,,,1,,,
조합,5,kgf,20,,,,,,,1,,2,,,1,,,,20,,,,,,,1,,2,,,1,,,
조합,5.1,kgf,50,,,,,,,,,,,,,,,,50,,,,,,,,,,,,,,,
조합,5.2,kgf,50,,,,,,,1,,,,,,,,,50,,,,,,,1,,,,,,,,
조합,5.3,kgf,50,,,,,,,,1,,,,,,,,50,,,,,,,,1,,,,,,,
조합,5.4,kgf,50,,,,,,,1,1,,,,,,,,50,,,,,,,1,1,,,,,,,
조합,5.5,kgf,50,,,,1,,2,1,1,,,,,,,,50,,,,1,,2,1,1,,,,,,,
조합,5.6,kgf,50,,,,1,,2,,,1,,,,,,,50,,,,1,,2,,,1,,,,,,
조합,5.7,kgf,50,,,,1,,2,1,,1,,,,,,,50,,,,1,,2,1,,1,,,,,,
조합,5.8,kgf,50,,,,1,,2,,1,1,,,,,,,50,,,,1,,2,,1,1,,,,,,
조합,5.9,kgf,50,,,,1,,2,1,1,1,,,,,,,50,,,,1,,2,1,1,1,,,,,,
조합,6,kgf,50,,,,,,2,,,2,,,,,,,50,,,,,,2,,,2,,,,,,
조합,6.1,kgf,50,,,,,,2,1,,2,,,,,,,50,,,,,,2,1,,2,,,,,,
조합,6.2,kgf,50,,,,,,2,,,,,1,,,,,50,,,,,,2,,,,,1,,,,
조합,6.3,kgf,50,,,,,,2,1,,,,1,,,,,50,,,,,,2,1,,,,1,,,,
조합,6.4,kgf,50,,,,,,2,,1,,,1,,,,,50,,,,,,2,,1,,,1,,,,
조합,6.5,kgf,50,,,,1,1,1,1,1,,,1,,,,,50,,,,1,1,1,1,1,,,1,,,,
조합,6.6,kgf,50,,,,1,1,1,,,1,,1,,,,,50,,,,1,1,1,,,1,,1,,,,
조합,6.7,kgf,50,,,,1,1,1,1,,1,,1,,,,,50,,,,1,1,1,1,,1,,1,,,,
조합,6.8,kgf,50,,,,1,1,1,,1,1,,1,,,,,50,,,,1,1,1,,1,1,,1,,,,
조합,6.9,kgf,50,,,,1,1,1,1,1,1,,1,,,,,50,,,,1,1,1,1,1,1,,1,,,,
조합,7,kgf,50,,,,,1,1,,,2,,1,,,,,50,,,,,1,1,,,2,,1,,,,
조합,7.1,kgf,50,,,,,1,1,1,,2,,1,,,,,50,,,,,1,1,1,,2,,1,,,,
조합,7.2,kgf,50,,,,,1,1,,,,,,1,,,,50,,,,,1,1,,,,,,1,,,
조합,7.3,kgf,50,,,,,1,1,1,,,,,1,,,,50,,,,,1,1,1,,,,,1,,,
조합,7.4,kgf,50,,,,,1,1,,1,,,,1,,,,50,,,,,1,1,,1,,,,1,,,
조합,7.5,kgf,50,,,,1,,1,1,1,,,,1,,,,50,,,,1,,1,1,1,,,,1,,,
조합,7.6,kgf,50,,,,1,,1,,,1,,,1,,,,50,,,,1,,1,,,1,,,1,,,
조합,7.7,kgf,50,,,,1,,1,1,,1,,,1,,,,50,,,,1,,1,1,,1,,,1,,,
조합,7.8,kgf,50,,,,1,,1,,1,1,,,1,,,,50,,,,1,,1,,1,1,,,1,,,
조합,7.9,kgf,50,,,,1,,1,1,1,1,,,1,,,,50,,,,1,,1,1,1,1,,,1,,,
조합,8,kgf,50,,,,1,,1,,,2,,,1,,,,50,,,,1,,1,,,2,,,1,,,
조합,8.1,kgf,50,,,,,,1,1,,2,,,1,,,,50,,,,,,1,1,,2,,,1,,,
조합,8.2,kgf,50,,,,,,1,,,,,1,1,,,,50,,,,,,1,,,,,1,1,,,
조합,8.3,kgf,50,,,,,,1,1,,,,1,1,,,,50,,,,,,1,1,,,,1,1,,,
조합,8.4,kgf,50,,,,,,1,,1,,,1,1,,,,50,,,,,,1,,1,,,1,1,,,
조합,8.5,kgf,50,,,,,,1,1,1,,,1,1,,,,50,,,,,,1,1,1,,,1,1,,,
조합,8.6,kgf,50,,,,1,1,,,,1,,1,1,,,,50,,,,1,1,,,,1,,1,1,,,
조합,8.7,kgf,50,,,,1,1,,1,,1,,1,1,,,,50,,,,1,1,,1,,1,,1,1,,,
조합,8.8,kgf,50,,,,1,1,,,1,1,,1,1,,,,50,,,,1,1,,,1,1,,1,1,,,
조합,8.9,kgf,50,,,,1,1,,1,1,1,,1,1,,,,50,,,,1,1,,1,1,1,,1,1,,,
조합,9,kgf,50,,,,1,1,,,,2,,1,1,,,,50,,,,1,1,,,,2,,1,1,,,
조합,9.1,kgf,50,,,,,1,,1,,2,,1,1,,,,50,,,,,1,,1,,2,,1,1,,,
조합,9.2,kgf,50,,,,,1,,,,,,,2,,,,50,,,,,1,,,,,,,2,,,
조합,9.3,kgf,50,,,,,1,,1,,,,,2,,,,50,,,,,1,,1,,,,,2,,,
조합,9.4,kgf,50,,,,,1,,,1,,,,2,,,,50,,,,,1,,,1,,,,2,,,
조합,9.5,kgf,50,,,,,1,,1,1,,,,2,,,,50,,,,,1,,1,1,,,,2,,,
조합,9.6,kgf,50,,,,1,,,,,1,,,2,,,,50,,,,1,,,,,1,,,2,,,
조합,9.7,kgf,50,,,,1,,,1,,1,,,2,,,,50,,,,1,,,1,,1,,,2,,,
조합,9.8,kgf,50,,,,1,,,,1,1,,,2,,,,50,,,,1,,,,1,1,,,2,,,
조합,9.9,kgf,50,,,,1,,,1,1,1,,,2,,,,50,,,,1,,,1,1,1,,,2,,,
조합,10,kgf,50,,,,,,,,,2,,,2,,,,50,,,,,,,,,2,,,2,,,
조합,10.2,kgf,50,,,,,,,,1,2,,,2,,,,50,,,,,,,,1,2,,,2,,,
조합,11,kgf,50,,,,,,,,,2,,1,2,,,,50,,,,,,,,,2,,1,2,,,
조합,12,kgf,50,,,,,,,,,2,,,3,,,,50,,,,,,,,,2,,,3,,,
조합,13,kgf,50,,,,,,,1,1,1,,1,3,,,,50,,,,,,,1,1,1,,1,3,,,
조합,14,kgf,50,,,,,,,1,1,1,,,4,,,,50,,,,,,,1,1,1,,,4,,,
조합,15,kgf,50,,,,,,,1,1,1,,1,4,,,,50,,,,,,,1,1,1,,1,4,,,
조합,15.3,kgf,50,,,,,,,,1,2,,1,4,,,,50,,,,,,,,1,2,,1,4,,,
조합,16,kgf,50,,,,,,,1,1,1,,,5,,,,50,,,,,,,1,1,1,,,5,,,
조합,17,kgf,50,,,,,,,1,1,1,,1,5,,,,50,,,,,,,1,1,1,,1,5,,,
조합,18,kgf,50,,,,,,,1,1,1,,,6,,,,50,,,,,,,1,1,1,,,6,,,
조합,19,kgf,50,,,,,,,,1,1,,1,6,,,,50,,,,,,,,1,1,,1,6,,,
조합,20,kgf,50,,,,,,,,1,1,,,7,,,,50,,,,,,,,1,1,,,7,,,
조합,20.4,kgf,50,,,,,,,,,,,1,7,,,,50,,,,,,,,,,,1,7,,,
조합,21,kgf,50,,,,,,,,1,1,,1,7,,,,50,,,,,,,,1,1,,1,7,,,
조합,22,kgf,50,,,,,,,,1,1,,,8,,,,50,,,,,,,,1,1,,,8,,,
조합,23,kgf,50,,,,,,,,1,1,,1,8,,,,50,,,,,,,,1,1,,1,8,,,
조합,24,kgf,50,,,,,,,1,,1,,,9,,,,50,,,,,,,1,,1,,,9,,,
조합,25,kgf,50,,,,,,,1,,1,,1,9,,,,50,,,,,,,1,,1,,1,9,,,
조합,25.5,kgf,50,,,,,,,,,,,,10,,,,50,,,,,,,,,,,,10,,,
조합,26,kgf,50,,,,,,,1,,1,,,10,,,,50,,,,,,,1,,1,,,10,,,
조합,27,kgf,50,,,,,,,1,,1,,1,10,,,,50,,,,,,,1,,1,,1,10,,,
조합,28,kgf,50,,,,,,,1,,1,,2,10,,,,50,,,,,,,1,,1,,2,10,,,
조합,29,kgf,50,,,,,,,,,1,,3,10,,,,50,,,,,,,,,1,,3,10,,,
조합,30,kgf,50,,,,,,,,,1,,4,10,,,,50,,,,,,,,,1,,4,10,,,
조합,31,kgf,50,,,,,,,,,1,,5,10,,,,50,,,,,,,,,1,,5,10,,,
조합,32,kgf,50,,,,,,,,,1,,6,10,,,,50,,,,,,,,,1,,6,10,,,
조합,33,kgf,50,,,,,,,,,1,,7,10,,,,50,,,,,,,,,1,,7,10,,,
조합,34,kgf,50,,,,,,,1,1,,,8,10,,,,50,,,,,,,1,1,,,8,10,,,
조합,35,kgf,50,,,,,,,1,1,,,9,10,,,,50,,,,,,,1,1,,,9,10,,,
조합,36,kgf,50,,,,,,,1,1,,,10,10,,,,50,,,,,,,1,1,,,10,10,,,
조합,37,kgf,50,,,,,,,1,1,,,1,5,,2,,50,,,,,,,1,1,,,1,5,,2,
조합,38,kgf,50,,,,,,,1,1,,,,6,,2,,50,,,,,,,1,1,,,,6,,2,
조합,39,kgf,50,,,,,,,,1,,,1,6,,2,,50,,,,,,,,1,,,1,6,,2,
조합,40,kgf,50,,,,,,,,1,,,,7,,2,,50,,,,,,,,1,,,,7,,2,
조합,41,kgf,50,,,,,,,,1,,,1,7,,2,,50,,,,,,,,1,,,1,7,,2,
조합,42,kgf,50,,,,,,,,1,,,,8,,2,,50,,,,,,,,1,,,,8,,2,
조합,43,kgf,50,,,,,,,,1,,,1,8,,2,,50,,,,,,,,1,,,1,8,,2,
조합,44,kgf,50,,,,,,,1,,,,,9,,2,,50,,,,,,,1,,,,,9,,2,
조합,45,kgf,50,,,,,,,1,,,,1,9,,2,,50,,,,,,,1,,,,1,9,,2,
조합,46,kgf,50,,,,,,,1,,,,,10,,2,,50,,,,,,,1,,,,,10,,2,
조합,47,kgf,50,,,,,,,1,,,,1,10,,2,,50,,,,,,,1,,,,1,10,,2,
조합,48,kgf,50,,,,,,,1,,,,,6,,3,,50,,,,,,,1,,,,,6,,3,
조합,49,kgf,50,,,,,,,1,,,,1,6,,3,,50,,,,,,,1,,,,1,6,,3,
조합,50,kgf,50,,,,,,,,,,,,7,,3,,50,,,,,,,,,,,,7,,3,
조합,51,kgf,50,,,,,,,,,,,1,7,,1,1,50,,,,,,,,,,,1,7,,3,
조합,52,kgf,50,,,,,,,,,,,,8,,3,,50,,,,,,,,,,,,8,,3,
조합,53,kgf,50,,,,,,,,,,,1,8,,3,,50,,,,,,,,,,,1,8,,3,
조합,54,kgf,50,,,,,,,,,,,,9,,3,,50,,,,,,,,,,,,9,,3,
조합,55,kgf,50,,,,,,,1,,2,,,9,,3,,50,,,,,,,1,,2,,,9,,3,
조합,56,kgf,50,,,,,,,1,,2,,1,9,,3,,50,,,,,,,1,,2,,1,9,,3,
조합,57,kgf,50,,,,,,,1,,2,,,10,,3,,50,,,,,,,1,,2,,,10,,3,
조합,58,kgf,50,,,,,,,1,,2,,1,10,,3,,50,,,,,,,1,,2,,1,10,,3,
조합,59,kgf,50,,,,,,,1,,2,,,6,,4,,50,,,,,,,1,,2,,,6,,4,
조합,60,kgf,50,,,,,,,,,2,,1,6,,4,,50,,,,,,,,,2,,1,6,,4,
조합,61,kgf,50,,,,,,,,,2,,,7,,4,,50,,,,,,,,,2,,,7,,4,
조합,62,kgf,50,,,,,,,,,2,,1,7,,4,,50,,,,,,,,,2,,1,7,,4,
조합,63,kgf,50,,,,,,,,,2,,,8,,4,,50,,,,,,,,,2,,,8,,4,
조합,64,kgf,50,,,,,,,,,2,,1,8,,4,,50,,,,,,,,,2,,1,8,,4,
조합,65,kgf,50,,,,,,,1,1,1,,,9,,4,,50,,,,,,,1,1,1,,,9,,4,
조합,66,kgf,50,,,,,,,1,1,1,,1,9,,4,,50,,,,,,,1,1,1,,1,9,,4,
조합,67,kgf,50,,,,,,,1,1,1,,,10,,4,,50,,,,,,,1,1,1,,,10,,4,
조합,68,kgf,50,,,,,,,1,1,1,,1,10,,4,,50,,,,,,,1,1,1,,1,10,,4,
조합,69,kgf,50,,,,,,,1,1,1,,,6,,5,,50,,,,,,,1,1,1,,,6,,5,
조합,70,kgf,50,,,,,,,,1,1,,1,6,,5,,50,,,,,,,,1,1,,1,6,,5,
조합,71,kgf,50,,,,,,,,1,1,,,7,,5,,50,,,,,,,,1,1,,,7,,5,
조합,72,kgf,50,,,,,,,,1,1,,1,7,,5,,50,,,,,,,,1,1,,1,7,,5,
조합,73,kgf,50,,,,,,,,1,1,,,8,,5,,50,,,,,,,,1,1,,,8,,5,
조합,74,kgf,50,,,,,,,,1,1,,1,8,,5,,50,,,,,,,,1,1,,1,8,,5,
조합,75,kgf,50,,,,,,,1,,1,,,9,,5,,50,,,,,,,1,,1,,,9,,5,
조합,76,kgf,50,,,,,,,1,,1,,1,9,,5,,50,,,,,,,1,,1,,1,9,,5,
조합,77,kgf,50,,,,,,,1,,1,,,10,,5,,50,,,,,,,1,,1,,,10,,5,
조합,78,kgf,50,,,,,,,1,,1,,1,10,,3,1,50,,,,,,,1,,1,,1,10,,3,1
조합,79,kgf,50,,,,,,,1,,1,,2,10,,3,1,50,,,,,,,1,,1,,2,10,,3,1
조합,80,kgf,50,,,,,,,1,,1,,1,6,,4,1,50,,,,,,,1,,1,,1,6,,4,1
조합,81,kgf,50,,,,,,,,,1,,,7,,4,1,50,,,,,,,,,1,,,7,,4,1
조합,82,kgf,50,,,,,,,,,1,,1,7,,4,1,50,,,,,,,,,1,,1,7,,4,1
조합,83,kgf,50,,,,,,,,,1,,,8,,4,1,50,,,,,,,,,1,,,8,,4,1
조합,84,kgf,50,,,,,,,,,1,,1,8,,4,1,50,,,,,,,,,1,,1,8,,4,1
조합,85,kgf,50,,,,,,,,,1,,,9,,4,1,50,,,,,,,,,1,,,9,,4,1
조합,86,kgf,50,,,,,,,1,1,,,1,9,,4,1,50,,,,,,,1,1,,,1,9,,4,1
조합,87,kgf,50,,,,,,,1,1,,,,10,,4,1,50,,,,,,,1,1,,,,10,,4,1
조합,88,kgf,50,,,,,,,1,1,,,1,10,,4,1,50,,,,,,,1,1,,,1,10,,4,1
조합,89,kgf,50,,,,,,,1,1,,,,6,,5,1,50,,,,,,,1,1,,,,6,,5,1
조합,90,kgf,50,,,,,,,1,1,,,1,6,,5,1,50,,,,,,,1,1,,,1,6,,5,1
조합,91,kgf,50,,,,,,,,1,,,,7,,5,1,50,,,,,,,,1,,,,7,,5,1
조합,92,kgf,50,,,,,,,,1,,,1,7,,5,1,50,,,,,,,,1,,,1,7,,5,1
조합,93,kgf,50,,,,,,,,1,,,,8,,5,1,50,,,,,,,,1,,,,8,,5,1
조합,94,kgf,50,,,,,,,,1,,,1,8,,5,1,50,,,,,,,,1,,,1,8,,5,1
조합,95,kgf,50,,,,,,,,1,,,,9,,5,1,50,,,,,,,,1,,,,9,,5,1
조합,96,kgf,50,,,,,,,1,,,,1,9,,5,1,50,,,,,,,1,,,,1,9,,5,1
조합,97,kgf,50,,,,,,,1,,,,,10,,5,1,50,,,,,,,1,,,,,10,,5,1
조합,98,kgf,50,,,,,,,1,,,,1,10,,5,1,50,,,,,,,1,,,,1,10,,5,1
조합,99,kgf,50,,,,,,,1,,,,2,10,,5,1,50,,,,,,,1,,,,2,10,,5,1
조합,100,kgf,50,,,,,,,1,,,,3,10,,5,1,50,,,,,,,1,,,,3,10,,5,1
조합,101,kgf,50,,,,,,,,,,,4,10,,5,1,50,,,,,,,,,,,4,10,,5,1
조합,0,lbf,,,,,,,,,,,,,,,,,,,,,,,,,,,,,,,,
조합,1,lbf,4,,,1,,,1,,,,,,,,,,2,,,1,,,1,,1,,,,,,,
조합,2,lbf,4,,,,1,,2,,,1,,,,,,,2,,,,1,,2,,1,1,,,,,,
조합,2.247,lbf,4,,,,,,,,1,1,,,,,,,2,,,,,,,,,2,,,,,,
조합,3,lbf,4,,,,1,1,,1,,2,,,,,,,10,,,,1,1,,1,1,,,,,,,
조합,4,lbf,4,,,,,,2,1,1,,,1,,,,,10,,,,,,2,1,1,1,,,,,,
조합,4.5,lbf,4,,,,,,,,1,1,,1,,,,,10,,,,,,,,,,,1,,,,
조합,5,lbf,20,,,,,1,,,1,,,,,,,,20,,,,,1,,,1,,,,,,,
조합,6,lbf,20,,,,1,1,1,,1,1,,,,,,,20,,,,1,1,1,,1,1,,,,,,
조합,7,lbf,20,,,,1,,,1,,,,1,,,,,20,,,,1,,,1,,,,1,,,,
조합,8,lbf,20,,,,,1,1,1,,1,,1,,,,,20,,,,,1,1,1,,1,,1,,,,
조합,9,lbf,20,,,,,,,,,,,,1,,,,20,,,,,,,,,,,,1,,,
조합,10,lbf,20,,,,1,,1,,,1,,,1,,,,20,,,,1,,1,,,1,,,1,,,
조합,11,lbf,20,,,,1,,2,,,2,,,1,,,,20,,,,1,,2,,,2,,,1,,,
조합,12,lbf,50,,,,,,1,1,1,,,,,,,,50,,,,,,1,1,1,,,,,,,
조합,13,lbf,50,,,,,,2,1,1,1,,,,,,,50,,,,,,2,1,1,1,,,,,,
조합,13.49,lbf,50,,,,,,,,,,,1,,,,,50,,,,,,,,,,,1,,,,
조합,14,lbf,50,,,,1,1,,,1,,,1,,,,,50,,,,1,1,,,1,,,1,,,,
조합,15,lbf,50,,,,1,1,1,,1,1,,1,,,,,50,,,,1,1,1,,1,1,,1,,,,
조합,16,lbf,50,,,,,1,,1,,,,,1,,,,50,,,,,1,,1,,,,,1,,,
조합,17,lbf,50,,,,,1,1,1,,1,,,1,,,,50,,,,,1,1,1,,1,,,1,,,
조합,17.98,lbf,50,,,,,,,,,,,1,1,,,,50,,,,,,,,,,,1,1,,,
조합,18,lbf,50,,,,1,,,,,,,1,1,,,,50,,,,1,,,,,,,1,1,,,
조합,19,lbf,50,,,,1,,1,,,1,,1,1,,,,50,,,,1,,1,,,1,,1,1,,,
조합,20,lbf,50,,,,,,,1,,2,,1,1,,,,50,,,,,,,1,,2,,1,1,,,
조합,21,lbf,50,,,,,,1,1,1,,,,2,,,,50,,,,,,1,1,1,,,,2,,,
조합,22,lbf,50,,,,1,,2,1,1,1,,,2,,,,50,,,,1,,2,1,1,1,,,2,,,
조합,23,lbf,50,,,,1,1,,,1,,,1,2,,,,50,,,,1,1,,,1,,,1,2,,,
조합,24,lbf,50,,,,,,2,,1,1,,1,2,,,,50,,,,,,2,,1,1,,1,2,,,
조합,25,lbf,50,,,,,1,,1,,,,,3,,,,50,,,,,1,,1,,,,,3,,,
조합,26,lbf,50,,,,1,1,1,1,,1,,,3,,,,50,,,,1,1,1,1,,1,,,3,,,
조합,27,lbf,50,,,,1,,,,,,,1,3,,,,50,,,,1,,,,,,,1,3,,,
조합,28,lbf,50,,,,,1,1,,,1,,1,3,,,,50,,,,,1,1,,,1,,1,3,,,
조합,29,lbf,50,,,,,,,1,,2,,1,3,,,,50,,,,,,,1,,2,,1,3,,,
조합,30,lbf,50,,,,,,1,1,1,,,,4,,,,50,,,,,,1,1,1,,,,4,,,
조합,31,lbf,50,,,,1,,2,1,1,1,,,4,,,,50,,,,1,,2,1,1,1,,,4,,,
조합,32,lbf,50,,,,1,1,,,1,,,1,4,,,,50,,,,1,1,,,1,,,1,4,,,
조합,33,lbf,50,,,,,,2,,1,1,,1,4,,,,50,,,,,,2,,1,1,,1,4,,,
조합,34,lbf,50,,,,,1,,1,,,,,5,,,,50,,,,,1,,1,,,,,5,,,
조합,35,lbf,50,,,,1,1,1,1,,1,,,5,,,,50,,,,1,1,1,1,,1,,,5,,,
조합,36,lbf,50,,,,1,,,,,,,1,5,,,,50,,,,1,,,,,,,1,5,,,
조합,37,lbf,50,,,,,1,1,,,1,,1,5,,,,50,,,,,1,1,,,1,,1,5,,,
조합,38,lbf,50,,,,,,,1,,2,,1,5,,,,50,,,,,,,1,,2,,1,5,,,
조합,39,lbf,50,,,,1,,1,1,1,,,,6,,,,50,,,,1,,1,1,1,,,,6,,,
조합,40,lbf,50,,,,1,,2,1,1,1,,,6,,,,50,,,,1,,2,1,1,1,,,6,,,
조합,41,lbf,50,,,,,,1,,1,,,1,6,,,,50,,,,,,1,,1,,,1,6,,,
조합,42,lbf,50,,,,,,2,,1,1,,1,6,,,,50,,,,,,2,,1,1,,1,6,,,
조합,43,lbf,50,,,,1,1,,1,,,,,7,,,,50,,,,1,1,,1,,,,,7,,,
조합,44,lbf,50,,,,1,1,1,1,,1,,,7,,,,50,,,,1,1,1,1,,1,,,7,,,
조합,45,lbf,50,,,,,1,,,,,,1,7,,,,50,,,,,1,,,,,,1,7,,,
조합,46,lbf,50,,,,,1,1,,,1,,1,7,,,,50,,,,,1,1,,,1,,1,7,,,
조합,47,lbf,50,,,,1,,,1,,2,,1,7,,,,50,,,,1,,,1,,2,,1,7,,,
조합,48,lbf,50,,,,1,,1,1,1,,,,8,,,,50,,,,1,,1,1,1,,,,8,,,
조합,49,lbf,50,,,,,,,,,2,,,8,,,,50,,,,,,,,,2,,,8,,,
조합,50,lbf,50,,,,,,1,,1,,,1,8,,,,50,,,,,,1,,1,,,1,8,,,
조합,51,lbf,50,,,,1,,2,,1,1,,1,8,,,,50,,,,1,,2,,1,1,,1,8,,,
조합,52,lbf,50,,,,1,1,,1,,,,,9,,,,50,,,,1,1,,1,,,,,9,,,
조합,53,lbf,50,,,,,,2,1,,1,,,9,,,,50,,,,,,2,1,,1,,,9,,,
조합,54,lbf,50,,,,,1,,,,,,1,9,,,,50,,,,,1,,,,,,1,9,,,
조합,55,lbf,50,,,,1,1,1,,,1,,1,9,,,,50,,,,1,1,1,,,1,,1,9,,,
조합,56,lbf,50,,,,1,,,1,,2,,1,9,,,,50,,,,1,,,1,,2,,1,9,,,
조합,57,lbf,50,,,,1,,1,1,1,,,,10,,,,50,,,,1,,1,1,1,,,,10,,,
조합,58,lbf,50,,,,,,,,,2,,,10,,,,50,,,,,,,,,2,,,10,,,
조합,59,lbf,50,,,,,,1,,1,,,1,10,,,,50,,,,,,1,,1,,,1,10,,,
조합,60,lbf,50,,,,1,,2,,1,1,,1,10,,,,50,,,,1,,2,,1,1,,1,10,,,
조합,61,lbf,50,,,,1,1,,1,,,,2,10,,,,50,,,,1,1,,1,,,,2,10,,,
조합,62,lbf,50,,,,,,2,1,,1,,2,10,,,,50,,,,,,2,1,,1,,2,10,,,
조합,63,lbf,50,,,,,1,,,,,,3,10,,,,50,,,,,1,,,,,,3,10,,,
조합,64,lbf,50,,,,1,1,1,,,1,,3,10,,,,50,,,,1,1,1,,,1,,3,10,,,
조합,65,lbf,50,,,,1,,,1,,2,,3,10,,,,50,,,,1,,,1,,2,,3,10,,,
조합,66,lbf,50,,,,,1,1,1,1,,,4,10,,,,50,,,,,1,1,1,1,,,4,10,,,
조합,67,lbf,50,,,,,,,,,2,,4,10,,,,50,,,,,,,,,2,,4,10,,,
조합,68,lbf,50,,,,1,,1,,1,,,5,10,,,,50,,,,1,,1,,1,,,5,10,,,
조합,69,lbf,50,,,,1,,2,,1,1,,5,10,,,,50,,,,1,,2,,1,1,,5,10,,,
조합,70,lbf,50,,,,,,1,1,,,,,8,,1,,50,,,,,,1,1,,,,,8,,1,
조합,71,lbf,50,,,,,,2,1,,1,,,8,,1,,50,,,,,,2,1,,1,,,8,,1,
조합,72,lbf,50,,,,1,1,,,,,,1,8,,1,,50,,,,1,1,,,,,,1,8,,1,
조합,73,lbf,50,,,,1,1,1,,,1,,1,8,,1,,50,,,,1,1,1,,,1,,1,8,,1,
조합,74,lbf,50,,,,,1,,1,,2,,1,8,,1,,50,,,,,1,,1,,2,,1,8,,1,
조합,75,lbf,50,,,,,1,1,1,1,,,2,8,,1,,50,,,,,1,1,1,1,,,2,8,,1,
조합,76,lbf,50,,,,1,,,,,2,,2,8,,1,,50,,,,1,,,,,2,,2,8,,1,
조합,77,lbf,50,,,,1,,1,,1,,,1,9,,1,,50,,,,1,,1,,1,,,1,9,,1,
조합,78,lbf,50,,,,,,,1,1,1,,1,9,,1,,50,,,,,,,1,1,1,,1,9,,1,
조합,79,lbf,50,,,,,,1,1,,,,,10,,1,,50,,,,,,1,1,,,,,10,,1,
조합,80,lbf,50,,,,1,,2,1,,1,,,10,,1,,50,,,,1,,2,1,,1,,,10,,1,
조합,81,lbf,50,,,,1,1,,,,,,1,10,,1,,50,,,,1,1,,,,,,1,10,,1,
조합,82,lbf,50,,,,,,2,,,1,,1,10,,1,,50,,,,,,2,,,1,,1,10,,1,
조합,83,lbf,50,,,,,1,,1,,2,,1,10,,1,,50,,,,,1,,1,,2,,1,10,,1,
조합,84,lbf,50,,,,1,1,1,1,1,,,2,10,,1,,50,,,,1,1,1,1,1,,,2,10,,1,
조합,85,lbf,50,,,,1,,,,,2,,2,10,,1,,50,,,,1,,,,,2,,2,10,,1,
조합,86,lbf,50,,,,1,,1,,1,,,3,10,,1,,50,,,,1,,1,,1,,,3,10,,1,
조합,87,lbf,50,,,,,,,1,1,1,,3,10,,1,,50,,,,,,,1,1,1,,3,10,,1,
조합,88,lbf,50,,,,,,1,1,,,,4,10,,1,,50,,,,,,1,1,,,,4,10,,1,
조합,89,lbf,50,,,,1,,2,1,,1,,4,10,,1,,50,,,,1,,2,1,,1,,4,10,,1,
조합,90,lbf,50,,,,1,1,,,,,,5,10,,1,,50,,,,1,1,,,,,,5,10,,1,
조합,91,lbf,50,,,,,,2,,,1,,5,10,,1,,50,,,,,,2,,,1,,5,10,,1,
조합,92,lbf,50,,,,,1,,1,,2,,5,10,,1,,50,,,,,1,,1,,2,,5,10,,1,
조합,93,lbf,50,,,,1,1,1,1,1,,,,8,,2,,50,,,,1,1,1,1,1,,,,8,,2,
조합,94,lbf,50,,,,1,,,,,2,,,8,,2,,50,,,,1,,,,,2,,,8,,2,
조합,95,lbf,50,,,,,1,1,,1,,,1,8,,2,,50,,,,,1,1,,1,,,1,8,,2,
조합,96,lbf,50,,,,,,,1,1,1,,1,8,,2,,50,,,,,,,1,1,1,,1,8,,2,
조합,97,lbf,50,,,,1,,1,1,,,,,9,,2,,50,,,,1,,1,1,,,,,9,,2,
조합,98,lbf,50,,,,1,,2,1,,1,,,9,,2,,50,,,,1,,2,1,,1,,,9,,2,
조합,99,lbf,50,,,,,,1,,,,,1,9,,2,,50,,,,,,1,,,,,1,9,,2,
조합,100,lbf,50,,,,,,2,,,1,,1,9,,2,,50,,,,,,2,,,1,,1,9,,2,
조합,101,lbf,50,,,,1,1,,1,,2,,1,9,,2,,50,,,,1,1,,1,,2,,1,9,,2,
조합,102,lbf,50,,,,1,1,1,1,1,,,,10,,2,,50,,,,1,1,1,1,1,,,,10,,2,
조합,103,lbf,50,,,,,1,,,,2,,,10,,2,,50,,,,,1,,,,2,,,10,,2,
조합,104,lbf,50,,,,,1,1,,1,,,1,10,,2,,50,,,,,1,1,,1,,,1,10,,2,
조합,105,lbf,50,,,,1,,,1,1,1,,1,10,,2,,50,,,,1,,,1,1,1,,1,10,,2,
조합,106,lbf,50,,,,1,,1,1,,,,2,10,,2,,50,,,,1,,1,1,,,,2,10,,2,
조합,107,lbf,50,,,,,,,,1,1,,2,10,,2,,50,,,,,,,,1,1,,2,10,,2,
조합,108,lbf,50,,,,,,1,,,,,3,10,,2,,50,,,,,,1,,,,,3,10,,2,
조합,109,lbf,50,,,,1,,2,,,1,,3,10,,2,,50,,,,1,,2,,,1,,3,10,,2,
조합,110,lbf,50,,,,1,1,,1,,2,,3,10,,2,,50,,,,1,1,,1,,2,,3,10,,2,
조합,111,lbf,50,,,,,,2,1,1,,,4,10,,2,,50,,,,,,2,1,1,,,4,10,,2,
조합,112,lbf,50,,,,,1,,,,2,,4,10,,2,,50,,,,,1,,,,2,,4,10,,2,
조합,113,lbf,50,,,,,1,1,,1,,,5,10,,2,,50,,,,,1,1,,1,,,5,10,,2,
조합,114,lbf,50,,,,1,,,1,1,1,,5,10,,2,,50,,,,1,,,1,1,1,,5,10,,2,
조합,115,lbf,50,,,,1,,1,1,,,,,8,,3,,50,,,,1,,1,1,,,,,8,,3,
조합,116,lbf,50,,,,,,,,1,1,,,8,,3,,50,,,,,,,,1,1,,,8,,3,
조합,117,lbf,50,,,,,,1,,,,,1,8,,3,,50,,,,,,1,,,,,1,8,,3,
조합,118,lbf,50,,,,1,,2,,,1,,1,8,,3,,50,,,,1,,2,,,1,,1,8,,3,
조합,119,lbf,50,,,,1,1,,1,,2,,1,8,,3,,50,,,,1,1,,1,,2,,1,8,,3,
조합,120,lbf,50,,,,,,2,1,1,,,,9,,3,,50,,,,,,2,1,1,,,,9,,3,
조합,121,lbf,50,,,,,1,,,,2,,,9,,3,,50,,,,,1,,,,2,,,9,,3,
조합,122,lbf,50,,,,1,1,1,,1,,,1,9,,3,,50,,,,1,1,1,,1,,,1,9,,3,
조합,123,lbf,50,,,,1,,,1,1,1,,1,9,,3,,50,,,,1,,,1,1,1,,1,9,,3,
조합,124,lbf,50,,,,,1,1,1,,,,,10,,3,,50,,,,,1,1,1,,,,,10,,3,
조합,125,lbf,50,,,,,,,,1,1,,,10,,3,,50,,,,,,,,1,1,,,10,,3,
조합,126,lbf,50,,,,1,,1,,,,,1,10,,3,,50,,,,1,,1,,,,,1,10,,3,
조합,127,lbf,50,,,,1,,2,,,1,,1,10,,3,,50,,,,1,,2,,,1,,1,10,,3,
조합,128,lbf,50,,,,,,1,1,,2,,1,10,,3,,50,,,,,,1,1,,2,,1,10,,3,
조합,129,lbf,50,,,,,,2,1,1,,,2,10,,3,,50,,,,,,2,1,1,,,2,10,,3,
조합,130,lbf,50,,,,1,1,,,,2,,2,10,,3,,50,,,,1,1,,,,2,,2,10,,3,
조합,131,lbf,50,,,,1,1,1,,1,,,3,10,,3,,50,,,,1,1,1,,1,,,3,10,,3,
조합,132,lbf,50,,,,,1,,1,1,1,,3,10,,3,,50,,,,,1,,1,1,1,,3,10,,3,
조합,133,lbf,50,,,,,1,1,1,,,,4,10,,3,,50,,,,,1,1,1,,,,4,10,,3,
조합,134,lbf,50,,,,1,,,,1,1,,4,10,,3,,50,,,,1,,,,1,1,,4,10,,3,
조합,135,lbf,50,,,,1,,1,,,,,5,10,,3,,50,,,,1,,1,,,,,5,10,,3,
조합,136,lbf,50,,,,,,,1,,1,,5,10,,3,,50,,,,,,,1,,1,,5,10,,3,
조합,137,lbf,50,,,,,,1,1,,2,,5,10,,3,,50,,,,,,1,1,,2,,5,10,,3,
조합,138,lbf,50,,,,1,,2,1,1,,,,8,,4,,50,,,,1,,2,1,1,,,,8,,4,
조합,139,lbf,50,,,,1,1,,,,2,,,8,,4,,50,,,,1,1,,,,2,,,8,,4,
조합,140,lbf,50,,,,,,2,,1,,,1,8,,4,,50,,,,,,2,,1,,,1,8,,4,
조합,141,lbf,50,,,,,1,,1,1,1,,1,8,,4,,50,,,,,1,,1,1,1,,1,8,,4,
조합,142,lbf,50,,,,,1,1,1,,,,,9,,4,,50,,,,,1,1,1,,,,,9,,4,
조합,143,lbf,50,,,,1,,,,1,1,,,9,,4,,50,,,,1,,,,1,1,,,9,,4,
조합,144,lbf,50,,,,1,,1,,,,,1,9,,4,,50,,,,1,,1,,,,,1,9,,4,
조합,145,lbf,50,,,,,,,1,,1,,1,9,,4,,50,,,,,,,1,,1,,1,9,,4,
조합,146,lbf,50,,,,,,1,1,,2,,1,9,,4,,50,,,,,,1,1,,2,,1,9,,4,
조합,147,lbf,50,,,,1,,2,1,1,,,,10,,4,,50,,,,1,,2,1,1,,,,10,,4,
조합,148,lbf,50,,,,1,1,,,,2,,,10,,4,,50,,,,1,1,,,,2,,,10,,4,
조합,149,lbf,50,,,,,,2,,1,,,1,10,,4,,50,,,,,,2,,1,,,1,10,,4,
조합,150,lbf,50,,,,,1,,1,1,1,,1,10,,4,,50,,,,,1,,1,1,1,,1,10,,4,
조합,151,lbf,50,,,,1,1,1,1,,,,2,10,,4,,50,,,,1,1,1,1,,,,2,10,,4,
조합,152,lbf,50,,,,1,,,,1,1,,2,10,,4,,50,,,,1,,,,1,1,,2,10,,4,
조합,153,lbf,50,,,,,1,1,,,,,3,10,,4,,50,,,,,1,1,,,,,3,10,,4,
조합,154,lbf,50,,,,,,,1,,1,,3,10,,4,,50,,,,,,,1,,1,,3,10,,4,
조합,155,lbf,50,,,,1,,1,1,,2,,3,10,,4,,50,,,,1,,1,1,,2,,3,10,,4,
조합,156,lbf,50,,,,1,,2,1,1,,,4,10,,4,,50,,,,1,,2,1,1,,,4,10,,4,
조합,157,lbf,50,,,,,,1,,,2,,4,10,,4,,50,,,,,,1,,,2,,4,10,,4,
조합,158,lbf,50,,,,,,2,,1,,,5,10,,4,,50,,,,,,2,,1,,,5,10,,4,
조합,159,lbf,50,,,,1,1,,1,1,1,,5,10,,4,,50,,,,1,1,,1,1,1,,5,10,,4,
조합,160,lbf,50,,,,1,1,1,1,,,,,8,,5,,50,,,,1,1,1,1,,,,,8,,5,
조합,161,lbf,50,,,,,1,,,1,1,,,8,,5,,50,,,,,1,,,1,1,,,8,,5,
조합,162,lbf,50,,,,,1,1,,,,,1,8,,5,,50,,,,,1,1,,,,,1,8,,5,
조합,163,lbf,50,,,,1,,,1,,1,,1,8,,5,,50,,,,1,,,1,,1,,1,8,,5,
조합,164,lbf,50,,,,1,,1,1,,2,,1,8,,5,,50,,,,1,,1,1,,2,,1,8,,5,
조합,165,lbf,50,,,,,,,,,1,,,9,,5,,50,,,,,,,,,1,,,9,,5,
조합,166,lbf,50,,,,,,1,,,2,,,9,,5,,50,,,,,,1,,,2,,,9,,5,
조합,167,lbf,50,,,,1,,2,,1,,,1,9,,5,,50,,,,1,,2,,1,,,1,9,,5,
조합,168,lbf,50,,,,1,1,,1,1,1,,1,9,,5,,50,,,,1,1,,1,1,1,,1,9,,5,
조합,169,lbf,50,,,,1,1,1,1,,,,,10,,5,,50,,,,1,1,1,1,,,,,10,,5,
조합,170,lbf,50,,,,,1,,,1,1,,,10,,5,,50,,,,,1,,,1,1,,,10,,5,
조합,171,lbf,50,,,,,1,1,,,,,1,10,,5,,50,,,,,1,1,,,,,1,10,,5,
조합,172,lbf,50,,,,1,,,1,,1,,1,10,,5,,50,,,,1,,,1,,1,,1,10,,5,
조합,173,lbf,50,,,,1,,1,1,,2,,1,10,,5,,50,,,,1,,1,1,,2,,1,10,,5,
조합,174,lbf,50,,,,,,,,,1,,2,10,,5,,50,,,,,,,,,1,,2,10,,5,
조합,175,lbf,50,,,,,,1,,,2,,2,10,,5,,50,,,,,,1,,,2,,2,10,,5,
조합,176,lbf,50,,,,1,,2,,1,,,3,10,,5,,50,,,,1,,2,,1,,,3,10,,5,
조합,177,lbf,50,,,,1,1,,1,1,1,,3,10,,5,,50,,,,1,1,,1,1,1,,3,10,,5,
조합,178,lbf,50,,,,,,2,1,,,,4,10,,5,,50,,,,,,2,1,,,,4,10,,5,
조합,179,lbf,50,,,,,1,,,1,1,,4,10,,5,,50,,,,,1,,,1,1,,4,10,,5,
조합,180,lbf,50,,,,1,1,1,,,,,5,10,,5,,50,,,,1,1,1,,,,,5,10,,5,
조합,181,lbf,50,,,,1,,,1,,1,,5,10,,5,,50,,,,1,,,1,,1,,5,10,,5,
조합,182,lbf,50,,,,,1,1,1,,2,,5,10,,5,,50,,,,,1,1,1,,2,,5,10,,5,
조합,183,lbf,50,,,,,,,,,1,,,8,,4,1,50,,,,,,,,,1,,,8,,4,1
조합,184,lbf,50,,,,1,,1,,,2,,,8,,4,1,50,,,,1,,1,,,2,,,8,,4,1
조합,185,lbf,50,,,,1,,2,,1,,,1,8,,4,1,50,,,,1,,2,,1,,,1,8,,4,1
조합,186,lbf,50,,,,,,1,1,1,1,,1,8,,4,1,50,,,,,,1,1,1,1,,1,8,,4,1
조합,187,lbf,50,,,,,,2,1,,,,,9,,4,1,50,,,,,,2,1,,,,,9,,4,1
조합,188,lbf,50,,,,1,1,,,1,1,,,9,,4,1,50,,,,1,1,,,1,1,,,9,,4,1
조합,189,lbf,50,,,,1,1,1,,,,,1,9,,4,1,50,,,,1,1,1,,,,,1,9,,4,1
조합,190,lbf,50,,,,,1,,1,,1,,1,9,,4,1,50,,,,,1,,1,,1,,1,9,,4,1
조합,191,lbf,50,,,,,1,1,1,,2,,1,9,,4,1,50,,,,,1,1,1,,2,,1,9,,4,1
조합,192,lbf,50,,,,1,,,,,1,,,10,,4,1,50,,,,1,,,,,1,,,10,,4,1
조합,193,lbf,50,,,,1,,1,,,2,,,10,,4,1,50,,,,1,,1,,,2,,,10,,4,1
조합,194,lbf,50,,,,,,,1,1,,,1,10,,4,1,50,,,,,,,1,1,,,1,10,,4,1
조합,195,lbf,50,,,,,,1,1,1,1,,1,10,,4,1,50,,,,,,1,1,1,1,,1,10,,4,1
조합,196,lbf,50,,,,1,,2,1,,,,2,10,,4,1,50,,,,1,,2,1,,,,2,10,,4,1
조합,197,lbf,50,,,,1,1,,,1,1,,2,10,,4,1,50,,,,1,1,,,1,1,,2,10,,4,1
조합,198,lbf,50,,,,1,1,1,,,,,3,10,,4,1,50,,,,1,1,1,,,,,3,10,,4,1
조합,199,lbf,50,,,,,1,,1,,1,,3,10,,4,1,50,,,,,1,,1,,1,,3,10,,4,1
조합,200,lbf,50,,,,,1,1,1,,2,,3,10,,4,1,50,,,,,1,1,1,,2,,3,10,,4,1
조합,201,lbf,50,,,,1,,,,,1,,4,10,,4,1,50,,,,1,,,,,1,,4,10,,4,1
조합,202,lbf,50,,,,1,,1,,,2,,4,10,,4,1,50,,,,1,,1,,,2,,4,10,,4,1
조합,203,lbf,50,,,,,,,1,1,,,5,10,,4,1,50,,,,,,,1,1,,,5,10,,4,1
조합,204,lbf,50,,,,,,1,1,1,1,,5,10,,4,1,50,,,,,,1,1,1,1,,5,10,,4,1
조합,205,lbf,50,,,,1,,2,1,,,,,8,,5,1,50,,,,1,,2,1,,,,,8,,5,1
조합,206,lbf,50,,,,1,1,,,1,1,,,8,,5,1,50,,,,1,1,,,1,1,,,8,,5,1
조합,207,lbf,50,,,,,,2,,,,,1,8,,5,1,50,,,,,,2,,,,,1,8,,5,1
조합,208,lbf,50,,,,,1,,1,,1,,1,8,,5,1,50,,,,,1,,1,,1,,1,8,,5,1
조합,209,lbf,50,,,,1,1,1,1,,2,,1,8,,5,1,50,,,,1,1,1,1,,2,,1,8,,5,1
조합,210,lbf,50,,,,1,,,,,1,,,9,,5,1,50,,,,1,,,,,1,,,9,,5,1
조합,211,lbf,50,,,,,1,1,,,2,,,9,,5,1,50,,,,,1,1,,,2,,,9,,5,1
조합,212,lbf,50,,,,,,,1,1,,,1,9,,5,1,50,,,,,,,1,1,,,1,9,,5,1
조합,213,lbf,50,,,,1,,1,1,1,1,,1,9,,5,1,50,,,,1,,1,1,1,1,,1,9,,5,1
조합,214,lbf,50,,,,1,,2,1,,,,,10,,5,1,50,,,,1,,2,1,,,,,10,,5,1
조합,215,lbf,50,,,,,,1,,1,1,,,10,,5,1,50,,,,,,1,,1,1,,,10,,5,1
조합,216,lbf,50,,,,,,2,,,,,1,10,,5,1,50,,,,,,2,,,,,1,10,,5,1
조합,217,lbf,50,,,,1,1,,1,,1,,1,10,,5,1,50,,,,1,1,,1,,1,,1,10,,5,1
조합,218,lbf,50,,,,1,1,1,1,,2,,1,10,,5,1,50,,,,1,1,1,1,,2,,1,10,,5,1
조합,219,lbf,50,,,,,1,,,,1,,2,10,,5,1,50,,,,,1,,,,1,,2,10,,5,1
조합,220,lbf,50,,,,,1,1,,,2,,2,10,,5,1,50,,,,,1,1,,,2,,2,10,,5,1
조합,221,lbf,50,,,,1,,,1,1,,,3,10,,5,1,50,,,,1,,,1,1,,,3,10,,5,1
조합,222,lbf,50,,,,1,,1,1,1,1,,3,10,,5,1,50,,,,1,,1,1,1,1,,3,10,,5,1
조합,223,lbf,50,,,,,,,,1,,,4,10,,5,1,50,,,,,,,,1,,,4,10,,5,1
조합,224,lbf,50,,,,,,1,,1,1,,4,10,,5,1,50,,,,,,1,,1,1,,4,10,,5,1
조합,0,N,,,,,,,,,,,,,,,,,,,,,,,,,,,,,,,,
조합,0.2,N,0.05,,,1,1,,,,,,,,,,,,,,,,,1,,,,,,,,,,
조합,0.21,N,0.05,1,,1,1,,,,,,,,,,,,,1,,,,1,,,,,,,,,,
조합,0.22,N,0.05,,1,1,1,,,,,,,,,,,,,,1,,,1,,,,,,,,,,
조합,0.23,N,0.05,1,1,1,1,,,,,,,,,,,,,1,1,,,1,,,,,,,,,,
조합,0.24,N,0.05,,2,1,1,,,,,,,,,,,,,,2,,,1,,,,,,,,,,
조합,0.25,N,0.05,,,,,1,,,,,,,,,,,,,,1,,1,,,,,,,,,,
조합,0.26,N,0.05,1,,,,1,,,,,,,,,,,,1,,1,,1,,,,,,,,,,
조합,0.27,N,0.05,,1,,,1,,,,,,,,,,,,,1,1,,1,,,,,,,,,,
조합,0.28,N,0.05,1,1,,,1,,,,,,,,,,,,1,1,1,,1,,,,,,,,,,
조합,0.29,N,0.05,,2,,,1,,,,,,,,,,,,,2,1,,1,,,,,,,,,,
조합,0.3,N,0.05,,,1,,1,,,,,,,,,,,,,,,1,1,,,,,,,,,,
조합,0.31,N,0.05,1,,1,,1,,,,,,,,,,,,1,,,1,1,,,,,,,,,,
조합,0.32,N,0.05,,1,1,,1,,,,,,,,,,,,,1,,1,1,,,,,,,,,,
조합,0.33,N,0.05,1,1,1,,1,,,,,,,,,,,,1,1,,1,1,,,,,,,,,,
조합,0.34,N,0.05,,2,1,,1,,,,,,,,,,,,,2,,1,1,,,,,,,,,,
조합,0.35,N,0.05,,,,1,1,,,,,,,,,,,,,,1,1,1,,,,,,,,,,
조합,0.36,N,0.05,1,,,1,1,,,,,,,,,,,,1,,1,1,1,,,,,,,,,,
조합,0.37,N,0.05,,1,,1,1,,,,,,,,,,,,,1,1,1,1,,,,,,,,,,
조합,0.38,N,0.05,1,1,,1,1,,,,,,,,,,,,1,1,1,1,1,,,,,,,,,,
조합,0.39,N,0.05,,2,,1,1,,,,,,,,,,,,,2,1,1,1,,,,,,,,,,
조합,0.4,N,0.05,,,1,1,1,,,,,,,,,,,,,,,,,1,,,,,,,,,
조합,0.41,N,0.05,1,,1,1,1,,,,,,,,,,,,1,,,,,1,,,,,,,,,
조합,0.42,N,0.05,,1,1,1,1,,,,,,,,,,,,,1,,,,1,,,,,,,,,
조합,0.43,N,0.05,1,1,1,1,1,,,,,,,,,,,,1,1,,,,1,,,,,,,,,
조합,0.44,N,0.05,,2,1,1,1,,,,,,,,,,,,,2,,,,1,,,,,,,,,
조합,0.45,N,0.05,,,,,,1,,,,,,,,,,,,,1,,,1,,,,,,,,,
조합,0.46,N,0.05,1,,,,,1,,,,,,,,,,,1,,1,,,1,,,,,,,,,
조합,0.47,N,0.05,,1,,,,1,,,,,,,,,,,,1,1,,,1,,,,,,,,,
조합,0.48,N,0.05,1,1,,,,1,,,,,,,,,,,1,1,1,,,1,,,,,,,,,
조합,0.49,N,0.05,,2,,,,1,,,,,,,,,,,,2,1,,,1,,,,,,,,,
조합,0.5,N,0.05,,,1,,,1,,,,,,,,,,,,,,1,,1,,,,,,,,,
조합,0.51,N,0.05,1,,1,,,1,,,,,,,,,,,1,,,1,,1,,,,,,,,,
조합,0.52,N,0.05,,1,1,,,1,,,,,,,,,,,,1,,1,,1,,,,,,,,,
조합,0.53,N,0.05,1,1,1,,,1,,,,,,,,,,,1,1,,1,,1,,,,,,,,,
조합,0.54,N,0.05,,2,1,,,1,,,,,,,,,,,,2,,1,,1,,,,,,,,,
조합,0.55,N,0.05,,,,1,,1,,,,,,,,,,,,,1,1,,1,,,,,,,,,
조합,0.56,N,0.05,1,,,1,,1,,,,,,,,,,,1,,1,1,,1,,,,,,,,,
조합,0.57,N,0.05,,1,,1,,1,,,,,,,,,,,,1,1,1,,1,,,,,,,,,
조합,0.58,N,0.05,1,1,,1,,1,,,,,,,,,,,1,1,1,1,,1,,,,,,,,,
조합,0.59,N,0.05,,2,,1,,1,,,,,,,,,,,,2,1,1,,1,,,,,,,,,
조합,0.6,N,0.05,,,1,1,,1,,,,,,,,,,,,,,,1,1,,,,,,,,,
조합,0.61,N,0.05,1,,1,1,,1,,,,,,,,,,,1,,,,1,1,,,,,,,,,
조합,0.62,N,0.05,,1,1,1,,1,,,,,,,,,,,,1,,,1,1,,,,,,,,,
조합,0.63,N,0.05,1,1,1,1,,1,,,,,,,,,,,1,1,,,1,1,,,,,,,,,
조합,0.64,N,0.05,,2,1,1,,1,,,,,,,,,,,,2,,,1,1,,,,,,,,,
조합,0.65,N,0.05,,,,,1,1,,,,,,,,,,,,,1,,1,1,,,,,,,,,
조합,0.66,N,0.05,1,,,,1,1,,,,,,,,,,,1,,1,,1,1,,,,,,,,,
조합,0.67,N,0.05,,1,,,1,1,,,,,,,,,,,,1,1,,1,1,,,,,,,,,
조합,0.68,N,0.05,1,1,,,1,1,,,,,,,,,,,1,1,1,,1,1,,,,,,,,,
조합,0.69,N,0.05,,2,,,1,1,,,,,,,,,,,,2,1,,1,1,,,,,,,,,
조합,0.7,N,0.05,,,1,,1,1,,,,,,,,,,,,,,1,1,1,,,,,,,,,
조합,0.71,N,0.05,1,,1,,1,1,,,,,,,,,,,1,,,1,1,1,,,,,,,,,
조합,0.72,N,0.05,,1,1,,1,1,,,,,,,,,,,,1,,1,1,1,,,,,,,,,
조합,0.73,N,0.05,1,1,1,,1,1,,,,,,,,,,,1,1,,1,1,1,,,,,,,,,
조합,0.74,N,0.05,,2,1,,1,1,,,,,,,,,,,,2,,1,1,1,,,,,,,,,
조합,0.75,N,0.05,,,,1,1,1,,,,,,,,,,,,,1,1,1,1,,,,,,,,,
조합,0.76,N,0.05,1,,,1,1,1,,,,,,,,,,,1,,1,1,1,1,,,,,,,,,
조합,0.77,N,0.05,,1,,1,1,1,,,,,,,,,,,,1,1,1,1,1,,,,,,,,,
조합,0.78,N,0.05,1,1,,1,1,1,,,,,,,,,,,1,1,1,1,1,1,,,,,,,,,
조합,0.79,N,0.05,,2,,1,1,1,,,,,,,,,,,,2,1,1,1,1,,,,,,,,,
조합,0.8,N,0.05,,,1,1,1,1,,,,,,,,,,,,,,,,2,,,,,,,,,
조합,0.81,N,0.05,1,,1,1,1,1,,,,,,,,,,,1,,,,,2,,,,,,,,,
조합,0.82,N,0.05,,1,1,1,1,1,,,,,,,,,,,,1,,,,2,,,,,,,,,
조합,0.83,N,0.05,1,1,1,1,1,1,,,,,,,,,,,1,1,,,,2,,,,,,,,,
조합,0.84,N,0.05,,2,1,1,1,1,,,,,,,,,,,,2,,,,2,,,,,,,,,
조합,0.85,N,0.05,,,,,,2,,,,,,,,,,,,,1,,,2,,,,,,,,,
조합,0.86,N,0.05,1,,,,,2,,,,,,,,,,,1,,1,,,2,,,,,,,,,
조합,0.87,N,0.05,,1,,,,2,,,,,,,,,,,,1,1,,,2,,,,,,,,,
조합,0.88,N,0.05,1,1,,,,2,,,,,,,,,,,1,1,1,,,2,,,,,,,,,
조합,0.89,N,0.05,,2,,,,2,,,,,,,,,,,,2,1,,,2,,,,,,,,,
조합,0.9,N,0.05,,,1,,,2,,,,,,,,,,,,,,1,,2,,,,,,,,,
조합,0.91,N,0.05,1,,1,,,2,,,,,,,,,,,1,,,1,,2,,,,,,,,,
조합,0.92,N,0.05,,1,1,,,2,,,,,,,,,,,,1,,1,,2,,,,,,,,,
조합,0.93,N,0.05,1,1,1,,,2,,,,,,,,,,,1,1,,1,,2,,,,,,,,,
조합,0.94,N,0.05,,2,1,,,2,,,,,,,,,,,,2,,1,,2,,,,,,,,,
조합,0.95,N,0.05,,,,1,,2,,,,,,,,,,,,,1,1,,2,,,,,,,,,
조합,0.96,N,0.05,1,,,1,,2,,,,,,,,,,,1,,1,1,,2,,,,,,,,,
조합,0.97,N,0.05,,1,,1,,2,,,,,,,,,,,,1,1,1,,2,,,,,,,,,
조합,0.98,N,0.05,1,1,,1,,2,,,,,,,,,,,1,1,1,1,,2,,,,,,,,,
조합,0.99,N,0.05,,2,,1,,2,,,,,,,,,,,,2,1,1,,2,,,,,,,,,
조합,1,N,0.05,,,1,1,,2,,,,,,,,,,,,,,,,,1,,,,,,,,
조합,1.1,N,0.05,,,1,,,,1,,,,,,,,,,,,,1,,,1,,,,,,,,
조합,1.18,N,0.05,,4,1,,,,1,,,,,,,,,,,4,,1,,,1,,,,,,,,
조합,1.2,N,0.05,,,1,1,,,1,,,,,,,,,,,,,,1,,1,,,,,,,,
조합,1.3,N,0.05,,,1,,1,,1,,,,,,,,,,,,,1,1,,1,,,,,,,,
조합,1.4,N,0.05,,,1,1,1,,1,,,,,,,,,,,,,,,1,1,,,,,,,,
조합,1.5,N,0.05,,,1,,,1,1,,,,,,,,,,,,,1,,1,1,,,,,,,,
조합,1.6,N,0.05,,,1,1,,1,1,,,,,,,,,,,,,,1,1,1,,,,,,,,
조합,1.7,N,0.05,,,1,,1,1,1,,,,,,,,,,,,,1,1,1,1,,,,,,,,
조합,1.77,N,0.05,1,3,1,,1,1,1,,,,,,,,,,1,3,,1,1,1,1,,,,,,,,
조합,1.8,N,0.05,,,1,1,1,1,1,,,,,,,,,,,,,,,2,1,,,,,,,,
조합,1.9,N,0.05,,,1,,,2,1,,,,,,,,,,,,,1,,2,1,,,,,,,,
조합,2,N,2,,,,,,,,,,,,,,,,2,,,,,,,,,,,,,,,
조합,2.1,N,2,,,,1,,,,,,,,,,,,2,,,,1,,,,,,,,,,,
조합,2.2,N,2,,,,,1,,,,,,,,,,,2,,,,,1,,,,,,,,,,
조합,2.3,N,2,,,,1,1,,,,,,,,,,,2,,,,1,1,,,,,,,,,,
조합,2.35,N,2,1,2,,1,1,,,,,,,,,,,2,1,2,,1,1,,,,,,,,,,
조합,2.4,N,2,,,,,,1,,,,,,,,,,2,,,,,,1,,,,,,,,,
조합,2.5,N,2,,,,1,,1,,,,,,,,,,2,,,,1,,1,,,,,,,,,
조합,2.6,N,2,,,,,1,1,,,,,,,,,,2,,,,,1,1,,,,,,,,,
조합,2.7,N,2,,,,1,1,1,,,,,,,,,,2,,,,1,1,1,,,,,,,,,
조합,2.8,N,2,,,,,,2,,,,,,,,,,2,,,,,,2,,,,,,,,,
조합,2.9,N,2,,,,1,,2,,,,,,,,,,2,,,,1,,2,,,,,,,,,
조합,2.94,N,2,,2,,1,,2,,,,,,,,,,2,,2,,1,,2,,,,,,,,,
조합,3,N,2,,,,,,,1,,,,,,,,,2,,,,,,,1,,,,,,,,
조합,3.1,N,2,,,,1,,,1,,,,,,,,,2,,,,1,,,1,,,,,,,,
조합,3.2,N,2,,,,,1,,1,,,,,,,,,2,,,,,1,,1,,,,,,,,
조합,3.3,N,2,,,,1,1,,1,,,,,,,,,2,,,,1,1,,1,,,,,,,,
조합,3.4,N,2,,,,,,1,1,,,,,,,,,2,,,,,,1,1,,,,,,,,
조합,3.5,N,2,,,,1,,1,1,,,,,,,,,2,,,,1,,1,1,,,,,,,,
조합,3.6,N,2,,,,,1,1,1,,,,,,,,,2,,,,,1,1,1,,,,,,,,
조합,3.7,N,2,,,,1,1,1,1,,,,,,,,,2,,,,1,1,1,1,,,,,,,,
조합,3.8,N,2,,,,,,2,1,,,,,,,,,2,,,,,,2,1,,,,,,,,
조합,3.9,N,2,,,,1,,2,1,,,,,,,,,2,,,,1,,2,1,,,,,,,,
조합,4,N,4,,,,,,,,,,,,,,,,2,,,,,,,,1,,,,,,,
조합,4.1,N,4,,,,1,,,,,,,,,,,,2,,,,1,,,,1,,,,,,,
조합,4.2,N,4,,,,,1,,,,,,,,,,,2,,,,,1,,,1,,,,,,,
조합,4.3,N,4,,,,1,1,,,,,,,,,,,2,,,,1,1,,,1,,,,,,,
조합,4.4,N,4,,,,,,1,,,,,,,,,,2,,,,,,1,,1,,,,,,,
조합,4.5,N,4,,,,1,,1,,,,,,,,,,2,,,,1,,1,,1,,,,,,,
조합,4.6,N,4,,,,,1,1,,,,,,,,,,2,,,,,1,1,,1,,,,,,,
조합,4.7,N,4,,,,1,1,1,,,,,,,,,,2,,,,1,1,1,,1,,,,,,,
조합,4.8,N,4,,,,,,2,,,,,,,,,,2,,,,,,2,,1,,,,,,,
조합,4.9,N,4,,,,1,,2,,,,,,,,,,2,,,,1,,2,,1,,,,,,,
조합,5,N,4,,,,,,,1,,,,,,,,,2,,,,,,,1,1,,,,,,,
조합,5.1,N,4,,,,1,,,1,,,,,,,,,2,,,,1,,,1,1,,,,,,,
조합,5.2,N,4,,,,,1,,1,,,,,,,,,2,,,,,1,,1,1,,,,,,,
조합,5.3,N,4,,,,1,1,,1,,,,,,,,,2,,,,1,1,,1,1,,,,,,,
조합,5.4,N,4,,,,,,1,1,,,,,,,,,2,,,,,,1,1,1,,,,,,,
조합,5.5,N,4,,,,1,,1,1,,,,,,,,,2,,,,1,,1,1,1,,,,,,,
조합,5.6,N,4,,,,,1,1,1,,,,,,,,,2,,,,,1,1,1,1,,,,,,,
조합,5.7,N,4,,,,1,1,1,1,,,,,,,,,2,,,,1,1,1,1,1,,,,,,,
조합,5.8,N,4,,,,,,2,1,,,,,,,,,2,,,,,,2,1,1,,,,,,,
조합,5.9,N,4,,,,1,,2,1,,,,,,,,,2,,,,1,,2,1,1,,,,,,,
조합,6,N,4,,,,,,,,1,,,,,,,,2,,,,,,,,,1,,,,,,
조합,6.1,N,4,,,,1,,,,1,,,,,,,,2,,,,1,,,,,1,,,,,,
조합,6.2,N,4,,,,,1,,,1,,,,,,,,2,,,,,1,,,,1,,,,,,
조합,6.3,N,4,,,,1,1,,,1,,,,,,,,2,,,,1,1,,,,1,,,,,,
조합,6.4,N,4,,,,,,1,,1,,,,,,,,2,,,,,,1,,,1,,,,,,
조합,6.5,N,4,,,,1,,1,,1,,,,,,,,2,,,,1,,1,,,1,,,,,,
조합,6.6,N,4,,,,,1,1,,1,,,,,,,,2,,,,,1,1,,,1,,,,,,
조합,6.7,N,4,,,,1,1,1,,1,,,,,,,,2,,,,1,1,1,,,1,,,,,,
조합,6.8,N,4,,,,,,2,,1,,,,,,,,2,,,,,,2,,,1,,,,,,
조합,6.9,N,4,,,,1,,2,,1,,,,,,,,2,,,,1,,2,,,1,,,,,,
조합,7,N,4,,,,,,,1,1,,,,,,,,2,,,,,,,1,,1,,,,,,
조합,7.1,N,4,,,,1,,,1,1,,,,,,,,2,,,,1,,,1,,1,,,,,,
조합,7.2,N,4,,,,,1,,1,1,,,,,,,,2,,,,,1,,1,,1,,,,,,
조합,7.3,N,4,,,,1,1,,1,1,,,,,,,,2,,,,1,1,,1,,1,,,,,,
조합,7.4,N,4,,,,,,1,1,1,,,,,,,,2,,,,,,1,1,,1,,,,,,
조합,7.5,N,4,,,,1,,1,1,1,,,,,,,,2,,,,1,,1,1,,1,,,,,,
조합,7.6,N,4,,,,,1,1,1,1,,,,,,,,2,,,,,1,1,1,,1,,,,,,
조합,7.7,N,4,,,,1,1,1,1,1,,,,,,,,2,,,,1,1,1,1,,1,,,,,,
조합,7.8,N,4,,,,,,2,1,1,,,,,,,,2,,,,,,2,1,,1,,,,,,
조합,7.9,N,4,,,,1,,2,1,1,,,,,,,,2,,,,1,,2,1,,1,,,,,,
조합,8,N,4,,,,,,,,,1,,,,,,,2,,,,,,,,1,1,,,,,,
조합,8.1,N,4,,,,1,,,,,1,,,,,,,2,,,,1,,,,1,1,,,,,,
조합,8.2,N,4,,,,,1,,,,1,,,,,,,2,,,,,1,,,1,1,,,,,,
조합,8.3,N,4,,,,1,1,,,,1,,,,,,,2,,,,1,1,,,1,1,,,,,,
조합,8.4,N,4,,,,,,1,,,1,,,,,,,2,,,,,,1,,1,1,,,,,,
조합,8.5,N,4,,,,1,,1,,,1,,,,,,,2,,,,1,,1,,1,1,,,,,,
조합,8.6,N,4,,,,,1,1,,,1,,,,,,,2,,,,,1,1,,1,1,,,,,,
조합,8.7,N,4,,,,1,1,1,,,1,,,,,,,2,,,,1,1,1,,1,1,,,,,,
조합,8.8,N,4,,,,,,2,,,1,,,,,,,2,,,,,,2,,1,1,,,,,,
조합,8.9,N,4,,,,1,,2,,,1,,,,,,,2,,,,1,,2,,1,1,,,,,,
조합,9,N,4,,,,,,,1,,1,,,,,,,2,,,,,,,1,1,1,,,,,,
조합,9.1,N,4,,,,1,,,1,,1,,,,,,,2,,,,1,,,1,1,1,,,,,,
조합,9.2,N,4,,,,,1,,1,,1,,,,,,,2,,,,,1,,1,1,1,,,,,,
조합,9.3,N,4,,,,1,1,,1,,1,,,,,,,2,,,,1,1,,1,1,1,,,,,,
조합,9.4,N,4,,,,,,1,1,,1,,,,,,,2,,,,,,1,1,1,1,,,,,,
조합,9.5,N,4,,,,1,,1,1,,1,,,,,,,2,,,,1,,1,1,1,1,,,,,,
조합,9.6,N,4,,,,,1,1,1,,1,,,,,,,2,,,,,1,1,1,1,1,,,,,,
조합,9.7,N,4,,,,1,1,1,1,,1,,,,,,,2,,,,1,1,1,1,1,1,,,,,,
조합,9.8,N,4,,,,,,2,1,,1,,,,,,,2,,,,,,2,1,1,1,,,,,,
조합,9.9,N,4,,,,1,,2,1,,1,,,,,,,2,,,,1,,2,1,1,1,,,,,,
조합,10,N,4,,,,,,,,1,1,,,,,,,10,,,,,,,,,,,,,,,
조합,11,N,4,,,,,,,1,1,1,,,,,,,10,,,,,,,1,,,,,,,,
조합,12,N,4,,,,,,,,,2,,,,,,,10,,,,,,,,1,,,,,,,
조합,13,N,4,,,,,,,1,,2,,,,,,,10,,,,,,,1,1,,,,,,,
조합,14,N,4,,,,,,,,1,2,,,,,,,10,,,,,,,,,1,,,,,,
조합,15,N,4,,,,,,,1,1,2,,,,,,,10,,,,,,,1,,1,,,,,,
조합,16,N,4,,,,,,,,1,,,1,,,,,10,,,,,,,,1,1,,,,,,
조합,17,N,4,,,,,,,1,1,,,1,,,,,10,,,,,,,1,1,1,,,,,,
조합,18,N,4,,,,,,,,,1,,1,,,,,10,,,,,,,,,2,,,,,,
조합,19,N,4,,,,,,,1,,1,,1,,,,,10,,,,,,,1,,2,,,,,,
조합,19.6,N,4,,,,,1,1,1,,1,,1,,,,,10,,,,,1,1,1,,2,,,,,,
조합,20,N,20,,,,,,,,,,,,,,,,20,,,,,,,,,,,,,,,
조합,21,N,20,,,,,,,1,,,,,,,,,20,,,,,,,1,,,,,,,,
조합,22,N,20,,,,,,,,1,,,,,,,,20,,,,,,,,1,,,,,,,
조합,23,N,20,,,,,,,1,1,,,,,,,,20,,,,,,,1,1,,,,,,,
조합,24,N,20,,,,,,,,,1,,,,,,,20,,,,,,,,,1,,,,,,
조합,25,N,20,,,,,,,1,,1,,,,,,,20,,,,,,,1,,1,,,,,,
조합,26,N,20,,,,,,,,1,1,,,,,,,20,,,,,,,,1,1,,,,,,
조합,27,N,20,,,,,,,1,1,1,,,,,,,20,,,,,,,1,1,1,,,,,,
조합,28,N,20,,,,,,,,,2,,,,,,,20,,,,,,,,,2,,,,,,
조합,29,N,20,,,,,,,1,,2,,,,,,,20,,,,,,,1,,2,,,,,,
조합,30,N,20,,,,,,,,,,,1,,,,,20,,,,,,,,,,,1,,,,
조합,31,N,20,,,,,,,1,,,,1,,,,,20,,,,,,,1,,,,1,,,,
조합,32,N,20,,,,,,,,1,,,1,,,,,20,,,,,,,,1,,,1,,,,
조합,33,N,20,,,,,,,1,1,,,1,,,,,20,,,,,,,1,1,,,1,,,,
조합,34,N,20,,,,,,,,,1,,1,,,,,20,,,,,,,,,1,,1,,,,
조합,35,N,20,,,,,,,1,,1,,1,,,,,20,,,,,,,1,,1,,1,,,,
조합,36,N,20,,,,,,,,1,1,,1,,,,,20,,,,,,,,1,1,,1,,,,
조합,37,N,20,,,,,,,1,1,1,,1,,,,,20,,,,,,,1,1,1,,1,,,,
조합,38,N,20,,,,,,,,,2,,1,,,,,20,,,,,,,,,2,,1,,,,
조합,39,N,20,,,,,,,1,,2,,1,,,,,20,,,,,,,1,,2,,1,,,,
조합,40,N,20,,,,,,,,,,,,1,,,,20,,,,,,,,,,,,1,,,
조합,41,N,20,,,,,,,1,,,,,1,,,,20,,,,,,,1,,,,,1,,,
조합,42,N,20,,,,,,,,1,,,,1,,,,20,,,,,,,,1,,,,1,,,
조합,43,N,20,,,,,,,1,1,,,,1,,,,20,,,,,,,1,1,,,,1,,,
조합,44,N,20,,,,,,,,,1,,,1,,,,20,,,,,,,,,1,,,1,,,
조합,45,N,20,,,,,,,1,,1,,,1,,,,20,,,,,,,1,,1,,,1,,,
조합,46,N,20,,,,,,,,1,1,,,1,,,,20,,,,,,,,1,1,,,1,,,
조합,47,N,20,,,,,,,1,1,1,,,1,,,,20,,,,,,,1,1,1,,,1,,,
조합,48,N,20,,,,,,,,,2,,,1,,,,20,,,,,,,,,2,,,1,,,
조합,49,N,20,,,,,,,1,,2,,,1,,,,20,,,,,,,1,,2,,,1,,,
조합,50,N,50,,,,,,,,,,,,,,,,50,,,,,,,,,,,,,,,
조합,51,N,50,,,,,,,1,,,,,,,,,50,,,,,,,1,,,,,,,,
조합,52,N,50,,,,,,,,1,,,,,,,,50,,,,,,,,1,,,,,,,
조합,53,N,50,,,,,,,1,1,,,,,,,,50,,,,,,,1,1,,,,,,,
조합,54,N,50,,,,,,,,,1,,,,,,,50,,,,,,,,,1,,,,,,
조합,55,N,50,,,,,,,1,,1,,,,,,,50,,,,,,,1,,1,,,,,,
조합,56,N,50,,,,,,,,1,1,,,,,,,50,,,,,,,,1,1,,,,,,
조합,57,N,50,,,,,,,1,1,1,,,,,,,50,,,,,,,1,1,1,,,,,,
조합,58,N,50,,,,,,,,,2,,,,,,,50,,,,,,,,,2,,,,,,
조합,59,N,50,,,,,,,1,,2,,,,,,,50,,,,,,,1,,2,,,,,,
조합,60,N,50,,,,,,,,,,,1,,,,,50,,,,,,,,,,,1,,,,
조합,61,N,50,,,,,,,1,,,,1,,,,,50,,,,,,,1,,,,1,,,,
조합,62,N,50,,,,,,,,1,,,1,,,,,50,,,,,,,,1,,,1,,,,
조합,63,N,50,,,,,,,1,1,,,1,,,,,50,,,,,,,1,1,,,1,,,,
조합,64,N,50,,,,,,,,,1,,1,,,,,50,,,,,,,,,1,,1,,,,
조합,65,N,50,,,,,,,1,,1,,1,,,,,50,,,,,,,1,,1,,1,,,,
조합,66,N,50,,,,,,,,1,1,,1,,,,,50,,,,,,,,1,1,,1,,,,
조합,67,N,50,,,,,,,1,1,1,,1,,,,,50,,,,,,,1,1,1,,1,,,,
조합,68,N,50,,,,,,,,,2,,1,,,,,50,,,,,,,,,2,,1,,,,
조합,69,N,50,,,,,,,1,,2,,1,,,,,50,,,,,,,1,,2,,1,,,,
조합,70,N,50,,,,,,,,,,,,1,,,,50,,,,,,,,,,,,1,,,
조합,71,N,50,,,,,,,1,,,,,1,,,,50,,,,,,,1,,,,,1,,,
조합,72,N,50,,,,,,,,1,,,,1,,,,50,,,,,,,,1,,,,1,,,
조합,73,N,50,,,,,,,1,1,,,,1,,,,50,,,,,,,1,1,,,,1,,,
조합,74,N,50,,,,,,,,,1,,,1,,,,50,,,,,,,,,1,,,1,,,
조합,75,N,50,,,,,,,1,,1,,,1,,,,50,,,,,,,1,,1,,,1,,,
조합,76,N,50,,,,,,,,1,1,,,1,,,,50,,,,,,,,1,1,,,1,,,
조합,77,N,50,,,,,,,1,1,1,,,1,,,,50,,,,,,,1,1,1,,,1,,,
조합,78,N,50,,,,,,,,,2,,,1,,,,50,,,,,,,,,2,,,1,,,
조합,79,N,50,,,,,,,1,,2,,,1,,,,50,,,,,,,1,,2,,,1,,,
조합,80,N,50,,,,,,,,,,,1,1,,,,50,,,,,,,,,,,1,1,,,
조합,81,N,50,,,,,,,1,,,,1,1,,,,50,,,,,,,1,,,,1,1,,,
조합,82,N,50,,,,,,,,1,,,1,1,,,,50,,,,,,,,1,,,1,1,,,
조합,83,N,50,,,,,,,1,1,,,1,1,,,,50,,,,,,,1,1,,,1,1,,,
조합,84,N,50,,,,,,,,,1,,1,1,,,,50,,,,,,,,,1,,1,1,,,
조합,85,N,50,,,,,,,1,,1,,1,1,,,,50,,,,,,,1,,1,,1,1,,,
조합,86,N,50,,,,,,,,1,1,,1,1,,,,50,,,,,,,,1,1,,1,1,,,
조합,87,N,50,,,,,,,1,1,1,,1,1,,,,50,,,,,,,1,1,1,,1,1,,,
조합,88,N,50,,,,,,,,,2,,1,1,,,,50,,,,,,,,,2,,1,1,,,
조합,89,N,50,,,,,,,1,,2,,1,1,,,,50,,,,,,,1,,2,,1,1,,,
조합,90,N,50,,,,,,,,,,,,2,,,,50,,,,,,,,,,,,2,,,
조합,91,N,50,,,,,,,1,,,,,2,,,,50,,,,,,,1,,,,,2,,,
조합,92,N,50,,,,,,,,1,,,,2,,,,50,,,,,,,,1,,,,2,,,
조합,93,N,50,,,,,,,1,1,,,,2,,,,50,,,,,,,1,1,,,,2,,,
조합,94,N,50,,,,,,,,,1,,,2,,,,50,,,,,,,,,1,,,2,,,
조합,95,N,50,,,,,,,1,,1,,,2,,,,50,,,,,,,1,,1,,,2,,,
조합,96,N,50,,,,,,,,1,1,,,2,,,,50,,,,,,,,1,1,,,2,,,
조합,97,N,50,,,,,,,1,1,1,,,2,,,,50,,,,,,,1,1,1,,,2,,,
조합,98,N,50,,,,,,,,,2,,,2,,,,50,,,,,,,,,2,,,2,,,
조합,99,N,50,,,,,,,1,,2,,,2,,,,50,,,,,,,1,,2,,,2,,,
조합,100,N,50,,,,,,,,,,,1,2,,,,50,,,,,,,,,,,1,2,,,
조합,101,N,50,,,,,,,1,,,,1,2,,,,50,,,,,,,1,,,,1,2,,,
조합,102,N,50,,,,,,,,1,,,1,2,,,,50,,,,,,,,1,,,1,2,,,
조합,103,N,50,,,,,,,1,1,,,1,2,,,,50,,,,,,,1,1,,,1,2,,,
조합,104,N,50,,,,,,,,,1,,1,2,,,,50,,,,,,,,,1,,1,2,,,
조합,105,N,50,,,,,,,1,,1,,1,2,,,,50,,,,,,,1,,1,,1,2,,,
조합,106,N,50,,,,,,,,1,1,,1,2,,,,50,,,,,,,,1,1,,1,2,,,
조합,107,N,50,,,,,,,1,1,1,,1,2,,,,50,,,,,,,1,1,1,,1,2,,,
조합,108,N,50,,,,,,,,,2,,1,2,,,,50,,,,,,,,,2,,1,2,,,
조합,109,N,50,,,,,,,1,,2,,1,2,,,,50,,,,,,,1,,2,,1,2,,,
조합,110,N,50,,,,,,,,,,,,3,,,,50,,,,,,,,,,,,3,,,
조합,111,N,50,,,,,,,1,,,,,3,,,,50,,,,,,,1,,,,,3,,,
조합,112,N,50,,,,,,,,1,,,,3,,,,50,,,,,,,,1,,,,3,,,
조합,113,N,50,,,,,,,1,1,,,,3,,,,50,,,,,,,1,1,,,,3,,,
조합,114,N,50,,,,,,,,,1,,,3,,,,50,,,,,,,,,1,,,3,,,
조합,115,N,50,,,,,,,1,,1,,,3,,,,50,,,,,,,1,,1,,,3,,,
조합,116,N,50,,,,,,,,1,1,,,3,,,,50,,,,,,,,1,1,,,3,,,
조합,117,N,50,,,,,,,1,1,1,,,3,,,,50,,,,,,,1,1,1,,,3,,,
조합,118,N,50,,,,,,,,,2,,,3,,,,50,,,,,,,,,2,,,3,,,
조합,119,N,50,,,,,,,1,,2,,,3,,,,50,,,,,,,1,,2,,,3,,,
조합,120,N,50,,,,,,,,,,,1,3,,,,50,,,,,,,,,,,1,3,,,
조합,121,N,50,,,,,,,1,,,,1,3,,,,50,,,,,,,1,,,,1,3,,,
조합,122,N,50,,,,,,,,1,,,1,3,,,,50,,,,,,,,1,,,1,3,,,
조합,123,N,50,,,,,,,1,1,,,1,3,,,,50,,,,,,,1,1,,,1,3,,,
조합,124,N,50,,,,,,,,,1,,1,3,,,,50,,,,,,,,,1,,1,3,,,
조합,125,N,50,,,,,,,1,,1,,1,3,,,,50,,,,,,,1,,1,,1,3,,,
조합,126,N,50,,,,,,,,1,1,,1,3,,,,50,,,,,,,,1,1,,1,3,,,
조합,127,N,50,,,,,,,1,1,1,,1,3,,,,50,,,,,,,1,1,1,,1,3,,,
조합,128,N,50,,,,,,,,,2,,1,3,,,,50,,,,,,,,,2,,1,3,,,
조합,129,N,50,,,,,,,1,,2,,1,3,,,,50,,,,,,,1,,2,,1,3,,,
조합,130,N,50,,,,,,,,,,,,4,,,,50,,,,,,,,,,,,4,,,
조합,131,N,50,,,,,,,1,,,,,4,,,,50,,,,,,,1,,,,,4,,,
조합,132,N,50,,,,,,,,1,,,,4,,,,50,,,,,,,,1,,,,4,,,
조합,133,N,50,,,,,,,1,1,,,,4,,,,50,,,,,,,1,1,,,,4,,,
조합,134,N,50,,,,,,,,,1,,,4,,,,50,,,,,,,,,1,,,4,,,
조합,135,N,50,,,,,,,1,,1,,,4,,,,50,,,,,,,1,,1,,,4,,,
조합,136,N,50,,,,,,,,1,1,,,4,,,,50,,,,,,,,1,1,,,4,,,
조합,137,N,50,,,,,,,1,1,1,,,4,,,,50,,,,,,,1,1,1,,,4,,,
조합,138,N,50,,,,,,,,,2,,,4,,,,50,,,,,,,,,2,,,4,,,
조합,139,N,50,,,,,,,1,,2,,,4,,,,50,,,,,,,1,,2,,,4,,,
조합,140,N,50,,,,,,,,,,,1,4,,,,50,,,,,,,,,,,1,4,,,
조합,141,N,50,,,,,,,1,,,,1,4,,,,50,,,,,,,1,,,,1,4,,,
조합,142,N,50,,,,,,,,1,,,1,4,,,,50,,,,,,,,1,,,1,4,,,
조합,143,N,50,,,,,,,1,1,,,1,4,,,,50,,,,,,,1,1,,,1,4,,,
조합,144,N,50,,,,,,,,,1,,1,4,,,,50,,,,,,,,,1,,1,4,,,
조합,145,N,50,,,,,,,1,,1,,1,4,,,,50,,,,,,,1,,1,,1,4,,,
조합,146,N,50,,,,,,,,1,1,,1,4,,,,50,,,,,,,,1,1,,1,4,,,
조합,147,N,50,,,,,,,1,1,1,,1,4,,,,50,,,,,,,1,1,1,,1,4,,,
조합,148,N,50,,,,,,,,,2,,1,4,,,,50,,,,,,,,,2,,1,4,,,
조합,149,N,50,,,,,,,1,,2,,1,4,,,,50,,,,,,,1,,2,,1,4,,,
조합,150,N,50,,,,,,,,,,,,5,,,,50,,,,,,,,,,,,5,,,
조합,151,N,50,,,,,,,1,,,,,5,,,,50,,,,,,,1,,,,,5,,,
조합,152,N,50,,,,,,,,1,,,,5,,,,50,,,,,,,,1,,,,5,,,
조합,153,N,50,,,,,,,1,1,,,,5,,,,50,,,,,,,1,1,,,,5,,,
조합,154,N,50,,,,,,,,,1,,,5,,,,50,,,,,,,,,1,,,5,,,
조합,155,N,50,,,,,,,1,,1,,,5,,,,50,,,,,,,1,,1,,,5,,,
조합,156,N,50,,,,,,,,1,1,,,5,,,,50,,,,,,,,1,1,,,5,,,
조합,157,N,50,,,,,,,1,1,1,,,5,,,,50,,,,,,,1,1,1,,,5,,,
조합,158,N,50,,,,,,,,,2,,,5,,,,50,,,,,,,,,2,,,5,,,
조합,159,N,50,,,,,,,1,,2,,,5,,,,50,,,,,,,1,,2,,,5,,,
조합,160,N,50,,,,,,,,,,,1,5,,,,50,,,,,,,,,,,1,5,,,
조합,161,N,50,,,,,,,1,,,,1,5,,,,50,,,,,,,1,,,,1,5,,,
조합,162,N,50,,,,,,,,1,,,1,5,,,,50,,,,,,,,1,,,1,5,,,
조합,163,N,50,,,,,,,1,1,,,1,5,,,,50,,,,,,,1,1,,,1,5,,,
조합,164,N,50,,,,,,,,,1,,1,5,,,,50,,,,,,,,,1,,1,5,,,
조합,165,N,50,,,,,,,1,,1,,1,5,,,,50,,,,,,,1,,1,,1,5,,,
조합,166,N,50,,,,,,,,1,1,,1,5,,,,50,,,,,,,,1,1,,1,5,,,
조합,167,N,50,,,,,,,1,1,1,,1,5,,,,50,,,,,,,1,1,1,,1,5,,,
조합,168,N,50,,,,,,,,,2,,1,5,,,,50,,,,,,,,,2,,1,5,,,
조합,169,N,50,,,,,,,1,,2,,1,5,,,,50,,,,,,,1,,2,,1,5,,,
조합,170,N,50,,,,,,,,,,,,6,,,,50,,,,,,,,,,,,6,,,
조합,171,N,50,,,,,,,1,,,,,6,,,,50,,,,,,,1,,,,,6,,,
조합,172,N,50,,,,,,,,1,,,,6,,,,50,,,,,,,,1,,,,6,,,
조합,173,N,50,,,,,,,1,1,,,,6,,,,50,,,,,,,1,1,,,,6,,,
조합,174,N,50,,,,,,,,,1,,,6,,,,50,,,,,,,,,1,,,6,,,
조합,175,N,50,,,,,,,1,,1,,,6,,,,50,,,,,,,1,,1,,,6,,,
조합,176,N,50,,,,,,,,1,1,,,6,,,,50,,,,,,,,1,1,,,6,,,
조합,177,N,50,,,,,,,1,1,1,,,6,,,,50,,,,,,,1,1,1,,,6,,,
조합,178,N,50,,,,,,,,,2,,,6,,,,50,,,,,,,,,2,,,6,,,
조합,179,N,50,,,,,,,1,,2,,,6,,,,50,,,,,,,1,,2,,,6,,,
조합,180,N,50,,,,,,,,,,,1,6,,,,50,,,,,,,,,,,1,6,,,
조합,181,N,50,,,,,,,1,,,,1,6,,,,50,,,,,,,1,,,,1,6,,,
조합,182,N,50,,,,,,,,1,,,1,6,,,,50,,,,,,,,1,,,1,6,,,
조합,183,N,50,,,,,,,1,1,,,1,6,,,,50,,,,,,,1,1,,,1,6,,,
조합,184,N,50,,,,,,,,,1,,1,6,,,,50,,,,,,,,,1,,1,6,,,
조합,185,N,50,,,,,,,1,,1,,1,6,,,,50,,,,,,,1,,1,,1,6,,,
조합,186,N,50,,,,,,,,1,1,,1,6,,,,50,,,,,,,,1,1,,1,6,,,
조합,187,N,50,,,,,,,1,1,1,,1,6,,,,50,,,,,,,1,1,1,,1,6,,,
조합,188,N,50,,,,,,,,,2,,1,6,,,,50,,,,,,,,,2,,1,6,,,
조합,189,N,50,,,,,,,1,,2,,1,6,,,,50,,,,,,,1,,2,,1,6,,,
조합,190,N,50,,,,,,,,,,,,7,,,,50,,,,,,,,,,,,7,,,
조합,191,N,50,,,,,,,1,,,,,7,,,,50,,,,,,,1,,,,,7,,,
조합,192,N,50,,,,,,,,1,,,,7,,,,50,,,,,,,,1,,,,7,,,
조합,193,N,50,,,,,,,1,1,,,,7,,,,50,,,,,,,1,1,,,,7,,,
조합,194,N,50,,,,,,,,,1,,,7,,,,50,,,,,,,,,1,,,7,,,
조합,195,N,50,,,,,,,1,,1,,,7,,,,50,,,,,,,1,,1,,,7,,,
조합,196,N,50,,,,,,,,1,1,,,7,,,,50,,,,,,,,1,1,,,7,,,
조합,197,N,50,,,,,,,1,1,1,,,7,,,,50,,,,,,,1,1,1,,,7,,,
조합,198,N,50,,,,,,,,,2,,,7,,,,50,,,,,,,,,2,,,7,,,
조합,199,N,50,,,,,,,1,,2,,,7,,,,50,,,,,,,1,,2,,,7,,,
조합,200,N,50,,,,,,,,,,,1,7,,,,50,,,,,,,,,,,1,7,,,
조합,210,N,50,,,,,,,,,,,,8,,,,50,,,,,,,,,,,,8,,,
조합,220,N,50,,,,,,,,,,,1,8,,,,50,,,,,,,,,,,1,8,,,
조합,230,N,50,,,,,,,,,,,,9,,,,50,,,,,,,,,,,,9,,,
조합,240,N,50,,,,,,,,,,,1,9,,,,50,,,,,,,,,,,1,9,,,
조합,250,N,50,,,,,,,,,,,,10,,,,50,,,,,,,,,,,,10,,,
조합,260,N,50,,,,,,,,,,,1,10,,,,50,,,,,,,,,,,1,10,,,
조합,270,N,50,,,,,,,,,,,2,10,,,,50,,,,,,,,,,,2,10,,,
조합,280,N,50,,,,,,,,,,,3,10,,,,50,,,,,,,,,,,3,10,,,
조합,290,N,50,,,,,,,,,,,4,10,,,,50,,,,,,,,,,,4,10,,,
조합,300,N,50,,,,,,,,,,,5,10,,,,50,,,,,,,,,,,5,10,,,
조합,310,N,50,,,,,,,,,,,6,10,,,,50,,,,,,,,,,,6,10,,,
조합,320,N,50,,,,,,,,,,,7,10,,,,50,,,,,,,,,,,7,10,,,
조합,330,N,50,,,,,,,,,,,8,10,,,,50,,,,,,,,,,,8,10,,,
조합,340,N,50,,,,,,,,,,,9,10,,,,50,,,,,,,,,,,9,10,,,
조합,350,N,50,,,,,,,,,,,10,10,,,,50,,,,,,,,,,,10,10,,,
조합,360,N,50,,,,,,,,,,,1,10,,1,,50,,,,,,,,,,,1,10,,1,
조합,370,N,50,,,,,,,,,,,2,10,,1,,50,,,,,,,,,,,2,10,,1,
조합,380,N,50,,,,,,,,,,,3,10,,1,,50,,,,,,,,,,,3,10,,1,
조합,390,N,50,,,,,,,,,,,4,10,,1,,50,,,,,,,,,,,4,10,,1,
조합,392,N,50,,,,,,,,1,,,4,10,,1,,50,,,,,,,,1,,,4,10,,1,
조합,400,N,50,,,,,,,,,,,5,10,,1,,50,,,,,,,,,,,5,10,,1,
조합,410,N,50,,,,,,,,,,,6,10,,1,,50,,,,,,,,,,,6,10,,1,
조합,420,N,50,,,,,,,,,,,7,10,,1,,50,,,,,,,,,,,7,10,,1,
조합,430,N,50,,,,,,,,,,,8,10,,1,,50,,,,,,,,,,,8,10,,1,
조합,440,N,50,,,,,,,,,,,9,10,,1,,50,,,,,,,,,,,9,10,,1,
조합,450,N,50,,,,,,,,,,,10,10,,1,,50,,,,,,,,,,,10,10,,1,
조합,460,N,50,,,,,,,,,,,1,10,,2,,50,,,,,,,,,,,1,10,,2,
조합,470,N,50,,,,,,,,,,,2,10,,2,,50,,,,,,,,,,,2,10,,2,
조합,480,N,50,,,,,,,,,,,3,10,,2,,50,,,,,,,,,,,3,10,,2,
조합,490,N,50,,,,,,,,,,,4,10,,2,,50,,,,,,,,,,,4,10,,2,
조합,500,N,50,,,,,,,,,,,5,10,,2,,50,,,,,,,,,,,5,10,,2,
조합,510,N,50,,,,,,,,,,,,3,,4,,50,,,,,,,,,,,,3,,4,
조합,520,N,50,,,,,,,,,,,1,3,,4,,50,,,,,,,,,,,1,3,,4,
조합,530,N,50,,,,,,,,,,,,4,,4,,50,,,,,,,,,,,,4,,4,
조합,540,N,50,,,,,,,,,,,1,4,,4,,50,,,,,,,,,,,1,4,,4,
조합,550,N,50,,,,,,,,,,,,5,,4,,50,,,,,,,,,,,,5,,4,
조합,560,N,50,,,,,,,,,,,1,5,,4,,50,,,,,,,,,,,1,5,,4,
조합,570,N,50,,,,,,,,,,,,6,,4,,50,,,,,,,,,,,,6,,4,
조합,580,N,50,,,,,,,,,,,1,6,,4,,50,,,,,,,,,,,1,6,,4,
조합,588,N,50,,,,,,,,,2,,1,6,,4,,50,,,,,,,,,2,,1,6,,4,
조합,590,N,50,,,,,,,,,,,,7,,4,,50,,,,,,,,,,,,7,,4,
조합,600,N,50,,,,,,,,,,,1,7,,4,,50,,,,,,,,,,,1,7,,4,
조합,610,N,50,,,,,,,,,,,,8,,4,,50,,,,,,,,,,,,8,,4,
조합,620,N,50,,,,,,,,,,,1,8,,4,,50,,,,,,,,,,,1,8,,4,
조합,630,N,50,,,,,,,,,,,,9,,4,,50,,,,,,,,,,,,9,,4,
조합,640,N,50,,,,,,,,,,,1,9,,4,,50,,,,,,,,,,,1,9,,4,
조합,650,N,50,,,,,,,,,,,,10,,4,,50,,,,,,,,,,,,10,,4,
조합,660,N,50,,,,,,,,,,,1,10,,4,,50,,,,,,,,,,,1,10,,4,
조합,670,N,50,,,,,,,,,,,,6,,5,,50,,,,,,,,,,,,6,,5,
조합,680,N,50,,,,,,,,,,,1,6,,5,,50,,,,,,,,,,,1,6,,5,
조합,690,N,50,,,,,,,,,,,,7,,5,,50,,,,,,,,,,,,7,,5,
조합,700,N,50,,,,,,,,,,,1,7,,5,,50,,,,,,,,,,,1,7,,5,
조합,710,N,50,,,,,,,,,,,,8,,5,,50,,,,,,,,,,,,8,,5,
조합,720,N,50,,,,,,,,,,,1,8,,5,,50,,,,,,,,,,,1,8,,5,
조합,730,N,50,,,,,,,,,,,,9,,5,,50,,,,,,,,,,,,9,,5,
조합,740,N,50,,,,,,,,,,,1,9,,5,,50,,,,,,,,,,,1,9,,5,
조합,750,N,50,,,,,,,,,,,,10,,5,,50,,,,,,,,,,,,10,,5,
조합,760,N,50,,,,,,,,,,,1,10,,5,,50,,,,,,,,,,,1,10,,5,
조합,770,N,50,,,,,,,,,,,2,10,,5,,50,,,,,,,,,,,2,10,,5,
조합,780,N,50,,,,,,,,,,,3,10,,5,,50,,,,,,,,,,,3,10,,5,
조합,784,N,50,,,,,,,,,1,,3,10,,5,,50,,,,,,,,,1,,3,10,,5,
조합,790,N,50,,,,,,,,,,,4,10,,5,,50,,,,,,,,,,,4,10,,5,
조합,800,N,50,,,,,,,,,,,5,10,,5,,50,,,,,,,,,,,5,10,,5,
조합,810,N,50,,,,,,,,,,,1,,1,1,3,50,,,,,,,,,,,1,,1,1,3
조합,820,N,50,,,,,,,,,,,,1,1,1,3,50,,,,,,,,,,,,1,1,1,3
조합,830,N,50,,,,,,,,,,,1,1,1,1,3,50,,,,,,,,,,,1,1,1,1,3
조합,840,N,50,,,,,,,,,,,,2,1,1,3,50,,,,,,,,,,,,2,1,1,3
조합,850,N,50,,,,,,,,,,,,,,,4,50,,,,,,,,,,,,,,,4
조합,860,N,50,,,,,,,,,,,1,,,,4,50,,,,,,,,,,,1,,,,4
조합,870,N,50,,,,,,,,,,,,1,,,4,50,,,,,,,,,,,,1,,,4
조합,880,N,50,,,,,,,,,,,1,1,,,4,50,,,,,,,,,,,1,1,,,4
조합,890,N,50,,,,,,,,,,,,2,,,4,50,,,,,,,,,,,,2,,,4
조합,900,N,50,,,,,,,,,,,,,1,,4,50,,,,,,,,,,,,,1,,4
조합,910,N,50,,,,,,,,,,,1,,1,,4,50,,,,,,,,,,,1,,1,,4
조합,920,N,50,,,,,,,,,,,,1,1,,4,50,,,,,,,,,,,,1,1,,4
조합,930,N,50,,,,,,,,,,,1,1,1,,4,50,,,,,,,,,,,1,1,1,,4
조합,940,N,50,,,,,,,,,,,,2,1,,4,50,,,,,,,,,,,,2,1,,4
조합,950,N,50,,,,,,,,,,,,,,1,4,50,,,,,,,,,,,,,,1,4
조합,960,N,50,,,,,,,,,,,1,,,1,4,50,,,,,,,,,,,1,,,1,4
조합,970,N,50,,,,,,,,,,,,1,,1,4,50,,,,,,,,,,,,1,,1,4
조합,980,N,50,,,,,,,,,,,1,1,,1,4,50,,,,,,,,,,,1,1,,1,4
조합,990,N,50,,,,,,,,,,,,2,,1,4,50,,,,,,,,,,,,2,,1,4
조합,1000,N,50,,,,,,,,,,,,,1,1,4,50,,,,,,,,,,,,,1,1,4
